Genus_and_species,species,Schooling,Diet_2012,Size_class
abudefduf_abdominalis,abudefduf abdominalis,M,PK,4
abudefduf_bengalensis,abudefduf bengalensis,M,PK,3
abudefduf_concolor,abudefduf concolor,F,OM,3
abudefduf_conformis,abudefduf conformis,M,PK,3
abudefduf_luridus,abudefduf luridus,F,OM,3
abudefduf_natalensis,abudefduf natalensis,F,IM,3
abudefduf_notatus,abudefduf notatus,M,OM,3
abudefduf_saxatilis,abudefduf saxatilis,F,OM,4
abudefduf_septemfasciatus,abudefduf septemfasciatus,M,OM,3
abudefduf_sexfasciatus,abudefduf sexfasciatus,M,PK,3
abudefduf_sordidus,abudefduf sordidus,M,OM,3
abudefduf_sp,abudefduf sp,M,OM,3
abudefduf_sparoides,abudefduf sparoides,F,OM,3
abudefduf_taurus,abudefduf taurus,F,OM,4
abudefduf_troschelii,abudefduf troschelii,F,PK,4
abudefduf_vaigiensis,abudefduf vaigiensis,M,PK,3
abudefduf_whitleyi,abudefduf whitleyi,M,PK,3
acanthemblemaria_aspera,acanthemblemaria aspera,S,PK,1
acanthemblemaria_atrata,acanthemblemaria atrata,S,PK,1
acanthemblemaria_balanorum,acanthemblemaria balanorum,S,IM,1
acanthemblemaria_castroi,acanthemblemaria castroi,S,PK,2
acanthemblemaria_crockeri,acanthemblemaria crockeri,S,PK,2
acanthemblemaria_exilispinus,acanthemblemaria exilispinus,S,PK,2
acanthemblemaria_hancocki,acanthemblemaria hancocki,S,PK,1
acanthemblemaria_macrospilus,acanthemblemaria macrospilus,S,PK,2
acanthemblemaria_maria,acanthemblemaria maria,S,PK,2
acanthemblemaria_spinosa,acanthemblemaria spinosa,S,PK,1
acanthemblemaria_stephensi,acanthemblemaria stephensi,S,PK,2
acanthistius_brasilianus,acanthistius brasilianus,S,IM,5
acanthistius_cinctus,acanthistius cinctus,S,FC,5
acanthistius_fuscus,acanthistius fuscus,S,FC,3
acanthochromis_polyacanthus,acanthochromis polyacanthus,M,OM,3
acanthostracion_notacanthus,acanthostracion notacanthus,S,IS,5
acanthostracion_polygonia,acanthostracion polygonia,S,IS,4
acanthostracion_polygonius,acanthostracion polygonius,S,IS,5
acanthostracion_quadricornis,acanthostracion quadricornis,S,IM,5
acanthostracion_sp_aotep,acanthostracion sp aotep,S,IM,6
acanthurus_achilles,acanthurus achilles,M,HD,4
acanthurus_albipectoralis,acanthurus albipectoralis,M,PK,4
acanthurus_auranticavus,acanthurus auranticavus,L,HD,4
acanthurus_bahianus,acanthurus bahianus,M,HD,4
acanthurus_bariene,acanthurus bariene,S,HD,4
acanthurus_blochii,acanthurus blochii,F,HD,4
acanthurus_chirurgus,acanthurus chirurgus,M,HD,4
acanthurus_coeruleus,acanthurus coeruleus,M,HD,4
acanthurus_dussumieri,acanthurus dussumieri,F,HD,5
acanthurus_fowleri,acanthurus fowleri,S,HD,5
acanthurus_gahhm,acanthurus gahhm,F,HD,4
acanthurus_grammoptilus,acanthurus grammoptilus,F,HD,4
acanthurus_guttatus,acanthurus guttatus,L,HD,4
acanthurus_leucocheilus,acanthurus leucocheilus,F,HD,5
acanthurus_leucopareius,acanthurus leucopareius,M,HD,4
acanthurus_leucosternon,acanthurus leucosternon,L,HD,4
acanthurus_lineatus,acanthurus lineatus,S,HD,4
acanthurus_maculiceps,acanthurus maculiceps,F,HD,4
acanthurus_mata,acanthurus mata,L,PK,5
acanthurus_monroviae,acanthurus monroviae,M,HD,5
acanthurus_nigricans,acanthurus nigricans,F,HD,3
acanthurus_nigricauda,acanthurus nigricauda,F,HD,4
acanthurus_nigrofuscus,acanthurus nigrofuscus,F,HD,3
acanthurus_nigroris,acanthurus nigroris,F,HD,4
acanthurus_nubilus,acanthurus nubilus,F,PK,4
acanthurus_olivaceus,acanthurus olivaceus,M,HD,4
acanthurus_pyroferus,acanthurus pyroferus,S,HD,4
acanthurus_reversus,acanthurus reversus,M,HD,4
acanthurus_sohal,acanthurus sohal,M,HD,4
acanthurus_sp,acanthurus sp,F,HD,2
acanthurus_tennenti,acanthurus tennenti,F,HD,3
acanthurus_tennentii,acanthurus tennentii,F,HD,4
acanthurus_thompsoni,acanthurus thompsoni,M,PK,4
acanthurus_tractus,acanthurus tractus,L,HD,4
acanthurus_triostegus,acanthurus triostegus,L,HD,3
acanthurus_tristis,acanthurus tristis,S,HD,4
acanthurus_xanthopterus,acanthurus xanthopterus,M,HD,5
aethaloperca_rogaa,aethaloperca rogaa,S,FC,5
aluterus_monoceros,aluterus monoceros,S,PK,5
aluterus_scriptus,aluterus scriptus,S,PK,5
amanses_scopas,amanses scopas,S,IM,3
amblycirrhitus_bimacula,amblycirrhitus bimacula,S,IM,2
amblycirrhitus_pinos,amblycirrhitus pinos,S,IM,2
amblyeleotris_fasciata,amblyeleotris fasciata,P,IM,2
amblyeleotris_guttata,amblyeleotris guttata,S,IM,2
amblyeleotris_gymnocephala,amblyeleotris gymnocephala,S,IM,3
amblyeleotris_katherine,amblyeleotris katherine,S,IM,2
amblyeleotris_periophthalma,amblyeleotris periophthalma,S,IM,2
amblyeleotris_sp,amblyeleotris sp,S,IM,2
amblyeleotris_steinitzi,amblyeleotris steinitzi,S,IM,2
amblyeleotris_sungami,amblyeleotris sungami,S,IM,2
amblyeleotris_wheeleri,amblyeleotris wheeleri,S,IM,2
amblyglyphidodon_aureus,amblyglyphidodon aureus,F,PK,3
amblyglyphidodon_batunai,amblyglyphidodon batunai,M,PK,3
amblyglyphidodon_curacao,amblyglyphidodon curacao,M,PK,3
amblyglyphidodon_flavilatus,amblyglyphidodon flavilatus,M,PK,2
amblyglyphidodon_indicus,amblyglyphidodon indicus,M,PK,2
amblyglyphidodon_leucogaster,amblyglyphidodon leucogaster,M,PK,3
amblyglyphidodon_melanopterus,amblyglyphidodon melanopterus,M,PK,3
amblyglyphidodon_orbicularis,amblyglyphidodon orbicularis,M,PK,3
amblyglyphidodon_ternatensis,amblyglyphidodon ternatensis,M,PK,3
amblygobius_buanensis,amblygobius buanensis,P,OM,2
amblygobius_bynoensis,amblygobius bynoensis,S,OM,2
amblygobius_decussatus,amblygobius decussatus,S,OM,2
amblygobius_nocturnus,amblygobius nocturnus,P,OM,2
amblygobius_phalaena,amblygobius phalaena,P,OM,3
amblygobius_rainfordi,amblygobius rainfordi,P,OM,2
amblygobius_semicinctus,amblygobius semicinctus,P,OM,2
amblygobius_sp,amblygobius sp,P,OM,2
amblygobius_sphynx,amblygobius sphynx,P,OM,3
amphiprion_akallopisos,amphiprion akallopisos,F,PK,3
amphiprion_akindynos,amphiprion akindynos,F,PK,2
amphiprion_allardi,amphiprion allardi,F,PK,3
amphiprion_bicinctus,amphiprion bicinctus,F,PK,2
amphiprion_chrysopterus,amphiprion chrysopterus,F,PK,3
amphiprion_clarkii,amphiprion clarkii,F,PK,3
amphiprion_ephippium,amphiprion ephippium,F,PK,3
amphiprion_frenatus,amphiprion frenatus,F,PK,3
amphiprion_fuscocaudatus,amphiprion fuscocaudatus,F,PK,3
amphiprion_latezonatus,amphiprion latezonatus,F,PK,3
amphiprion_leucokranos,amphiprion leucokranos,F,PK,2
amphiprion_mccullochi,amphiprion mccullochi,F,PK,3
amphiprion_melanopus,amphiprion melanopus,F,PK,3
amphiprion_ocellaris,amphiprion ocellaris,F,PK,3
amphiprion_percula,amphiprion percula,F,PK,3
amphiprion_perideraion,amphiprion perideraion,F,PK,3
amphiprion_polymnus,amphiprion polymnus,F,PK,3
amphiprion_rubrocinctus,amphiprion rubrocinctus,F,PK,3
amphiprion_sandaracinos,amphiprion sandaracinos,F,PK,3
anampses_caeruleopunctatus,anampses caeruleopunctatus,F,IM,4
anampses_chrysocephalus,anampses chrysocephalus,F,IM,3
anampses_cuvier,anampses cuvier,S,IM,3
anampses_elegans,anampses elegans,F,IM,3
anampses_femininus,anampses femininus,S,IM,3
anampses_geographicus,anampses geographicus,S,IM,4
anampses_lennardi,anampses lennardi,S,IM,3
anampses_lineatus,anampses lineatus,S,IM,3
anampses_melanurus,anampses melanurus,F,IM,3
anampses_meleagrides,anampses meleagrides,S,IM,4
anampses_neoguinaicus,anampses neoguinaicus,F,IM,3
anampses_sp,anampses sp,F,IM,4
anampses_twistii,anampses twistii,S,IM,3
anisotremus_caesius,anisotremus caesius,F,IM,4
anisotremus_interruptus,anisotremus interruptus,F,IM,5
anisotremus_moricandi,anisotremus moricandi,S,IM,3
anisotremus_scapularis,anisotremus scapularis,F,IM,5
anisotremus_surinamensis,anisotremus surinamensis,F,IM,5
anisotremus_taeniatus,anisotremus taeniatus,F,IM,4
anisotremus_virginicus,anisotremus virginicus,F,IM,5
antennarius_multiocellatus,antennarius multiocellatus,S,FC,4
anyperodon_leucogrammicus,anyperodon leucogrammicus,S,FC,5
apogon_affinis,apogon affinis,F,PK,3
apogon_americanus,apogon americanus,S,PK,3
apogon_angustatus,apogon angustatus,F,IM,2
apogon_apogonides,apogon apogonides,F,IM,2
apogon_apogonoides,apogon apogonoides,F,IM,2
apogon_atradorsatus,apogon atradorsatus,F,PK,2
apogon_atricaudus,apogon atricaudus,F,PK,2
apogon_aureus,apogon aureus,L,PK,2
apogon_binotatus,apogon binotatus,F,PK,3
apogon_capricornis,apogon capricornis,L,PK,1
apogon_chrysotaenia,apogon chrysotaenia,S,PK,2
apogon_coccineus,apogon coccineus,F,PK,2
apogon_compressus,apogon compressus,M,PK,2
apogon_cookii,apogon cookii,F,PK,2
apogon_cyanosoma,apogon cyanosoma,M,PK,2
apogon_doederleini,apogon doederleini,M,PK,2
apogon_dovii,apogon dovii,F,PK,2
apogon_erythrinus,apogon erythrinus,S,IM,2
apogon_exostigma,apogon exostigma,M,IM,2
apogon_flavus,apogon flavus,M,PK,2
apogon_fraenatus,apogon fraenatus,F,IM,2
apogon_fragilis,apogon fragilis,F,IM,2
apogon_fuscus,apogon fuscus,F,IM,2
apogon_gilberti,apogon gilberti,F,IM,2
apogon_guamensis,apogon guamensis,M,PK,2
apogon_imberbis,apogon imberbis,L,PK,3
apogon_kallopterus,apogon kallopterus,F,PK,2
apogon_lachneri,apogon lachneri,S,PK,2
apogon_leptacanthus,apogon leptacanthus,S,PK,2
apogon_limenus,apogon limenus,M,PK,2
apogon_maculatus,apogon maculatus,S,PK,3
apogon_multilineatus,apogon multilineatus,F,PK,2
apogon_nigripinnis,apogon nigripinnis,F,PK,2
apogon_nigrofasciatus,apogon nigrofasciatus,M,PK,2
apogon_norfolcensis,apogon norfolcensis,F,PK,2
apogon_novemfasciatus,apogon novemfasciatus,F,PK,2
apogon_pacificus,apogon pacificus,F,PK,3
apogon_pseudomaculatus,apogon pseudomaculatus,S,PK,3
apogon_retrosella,apogon retrosella,F,PK,3
apogon_semiornatus,apogon semiornatus,S,PK,2
apogon_sp,apogon sp,S,PK,2
apogon_sp_aotep,apogon sp aotep,S,PK,3
apogon_townsendi,apogon townsendi,F,PK,2
apogon_trimaculatus,apogon trimaculatus,M,PK,2
apogon_urostigma,apogon urostigma,M,PK,3
apogon_zoramia_fragilis,apogon zoramia fragilis,M,PK,2
apogon_zoramia_leptacanthus,apogon zoramia leptacanthus,M,PK,2
apolemichthys_trimaculatus,apolemichthys trimaculatus,F,HD,4
apolemichthys_xanthotis,apolemichthys xanthotis,F,HD,3
aprion_virescens,aprion virescens,F,FC,5
archamia_bleekeri,archamia bleekeri,M,PK,2
archamia_fucata,archamia fucata,M,PK,2
archamia_leai,archamia leai,M,PK,2
archamia_macroptera,archamia macroptera,M,PK,2
archamia_zosterophora,archamia zosterophora,M,PK,2
arothron_caeruleopunctatus,arothron caeruleopunctatus,S,IM,5
arothron_hispidus,arothron hispidus,S,IM,5
arothron_immaculatus,arothron immaculatus,S,IM,4
arothron_manilensis,arothron manilensis,S,IM,4
arothron_mappa,arothron mappa,S,IM,5
arothron_meleagris,arothron meleagris,S,IM,5
arothron_nigropunctatus,arothron nigropunctatus,S,IM,4
arothron_sp,arothron sp,S,IM,4
arothron_stellatus,arothron stellatus,S,IM,6
aspidontus_dussumieri,aspidontus dussumieri,S,IM,3
aspidontus_taeniatus,aspidontus taeniatus,S,IM,3
asterropteryx_atripes,asterropteryx atripes,F,OM,1
asterropteryx_semipunctata,asterropteryx semipunctata,F,OM,1
asterropteryx_striata,asterropteryx striata,F,OM,1
atrosalarias_fuscus,atrosalarias fuscus,S,HD,3
atrosalarias_holomelas,atrosalarias holomelas,S,HD,3
aulostomus_chinensis,aulostomus chinensis,S,FC,5
aulostomus_maculatus,aulostomus maculatus,F,FC,6
aulostomus_strigosus,aulostomus strigosus,F,FC,5
balistapus_undulatus,balistapus undulatus,S,IM,4
balistes_capriscus,balistes capriscus,L,IM,5
balistes_polylepis,balistes polylepis,S,IM,5
balistes_punctatus,balistes punctatus,S,IM,5
balistes_vetula,balistes vetula,S,IM,5
balistoides_conspicillum,balistoides conspicillum,S,IM,5
balistoides_viridescens,balistoides viridescens,S,IM,5
bathygobius_soporator,bathygobius soporator,F,IM,3
bathygobius_sp,bathygobius sp,F,IM,3
belonoperca_chabanaudi,belonoperca chabanaudi,S,FC,3
blenniella_chrysospilos,blenniella chrysospilos,S,HD,3
blenniella_gibbifrons,blenniella gibbifrons,S,HD,2
bodianus_albotaeniatus,bodianus albotaeniatus,S,IM,4
bodianus_anthioides,bodianus anthioides,S,IM,4
bodianus_axillaris,bodianus axillaris,S,IM,4
bodianus_bilunulatus,bodianus bilunulatus,S,IM,5
bodianus_diana,bodianus diana,S,IM,4
bodianus_dictynna,bodianus dictynna,S,IM,4
bodianus_diplotaenia,bodianus diplotaenia,S,IM,5
bodianus_eclancheri,bodianus eclancheri,S,IM,5
bodianus_insularis,bodianus insularis,S,IM,4
bodianus_loxozonus,bodianus loxozonus,S,IM,5
bodianus_mesothorax,bodianus mesothorax,S,IM,4
bodianus_perditio,bodianus perditio,S,IM,5
bodianus_pulchellus,bodianus pulchellus,S,IM,4
bodianus_rufus,bodianus rufus,S,IM,5
bodianus_sp,bodianus sp,S,IM,5
bodianus_speciosus,bodianus speciosus,S,IM,5
bolbometopon_muricatum,bolbometopon muricatum,M,OM,6
bothus_leopardinus,bothus leopardinus,S,IM,2
bothus_lunatus,bothus lunatus,S,FC,5
bothus_mancus,bothus mancus,S,FC,4
bothus_ocellatus,bothus ocellatus,S,IM,3
bothus_pantherinus,bothus pantherinus,S,FC,4
brotula_multibarbata,brotula multibarbata,S,FC,4
bryaninops_amplus,bryaninops amplus,S,PK,1
bryaninops_erythrops,bryaninops erythrops,S,PK,1
bryaninops_loki,bryaninops loki,S,PK,1
bryaninops_natans,bryaninops natans,F,PK,1
bryaninops_nexus,bryaninops nexus,S,PK,1
bryaninops_yongei,bryaninops yongei,P,PK,1
caesio_caerulaurea,caesio caerulaurea,L,PK,4
caesio_cuning,caesio cuning,L,PK,4
caesio_lunaris,caesio lunaris,L,PK,4
caesio_sp,caesio sp,L,PK,4
caesio_sp1,caesio sp1,L,PK,4
caesio_suevica,caesio suevica,L,PK,4
caesio_teres,caesio teres,L,PK,4
caesio_varilineata,caesio varilineata,L,PK,4
caesio_xanthonota,caesio xanthonota,L,PK,4
calamus_bajonado,calamus bajonado,M,IM,5
calamus_brachysomus,calamus brachysomus,S,IM,5
calamus_calamus,calamus calamus,M,IM,5
calamus_penna,calamus penna,M,IM,5
calamus_pennatula,calamus pennatula,M,IM,4
calamus_taurinus,calamus taurinus,M,IM,5
calotomus_carolinus,calotomus carolinus,S,HD,4
calotomus_spinidens,calotomus spinidens,F,HD,3
calotomus_viridescens,calotomus viridescens,F,HD,3
cantherhines_dumerilii,cantherhines dumerilii,P,IM,4
cantherhines_fronticinctus,cantherhines fronticinctus,S,IM,4
cantherhines_longicaudus,cantherhines longicaudus,S,IM,4
cantherhines_macroceros,cantherhines macroceros,S,IM,4
cantherhines_macrocerus,cantherhines macrocerus,P,IS,5
cantherhines_pardalis,cantherhines pardalis,S,IM,4
cantherhines_pullus,cantherhines pullus,S,IM,4
cantherhines_rapanui,cantherhines rapanui,S,IM,3
cantherhines_sandwichiensis,cantherhines sandwichiensis,S,IM,3
canthidermis_maculata,canthidermis maculata,M,PK,4
canthidermis_sufflamen,canthidermis sufflamen,M,PK,5
canthigaster_amboinensis,canthigaster amboinensis,S,OM,3
canthigaster_axiologus,canthigaster axiologus,S,OM,3
canthigaster_bennetti,canthigaster bennetti,F,OM,2
canthigaster_callisterna,canthigaster callisterna,P,OM,4
canthigaster_capistrata,canthigaster capistrata,S,IM,1
canthigaster_compressa,canthigaster compressa,S,OM,2
canthigaster_coronata,canthigaster coronata,S,OM,3
canthigaster_epilampra,canthigaster epilampra,S,OM,3
canthigaster_figueiredoi,canthigaster figueiredoi,S,IM,3
canthigaster_jactator,canthigaster jactator,S,OM,2
canthigaster_janthinoptera,canthigaster janthinoptera,S,OM,2
canthigaster_natalensis,canthigaster natalensis,S,IM,2
canthigaster_ocellicincta,canthigaster ocellicincta,S,OM,2
canthigaster_papua,canthigaster papua,P,OM,2
canthigaster_punctatissima,canthigaster punctatissima,P,IM,2
canthigaster_rostrata,canthigaster rostrata,S,IM,3
canthigaster_smithae,canthigaster smithae,S,OM,3
canthigaster_solandri,canthigaster solandri,S,OM,2
canthigaster_sp,canthigaster sp,S,OM,2
canthigaster_supramacula,canthigaster supramacula,S,IM,1
canthigaster_tyleri,canthigaster tyleri,S,OM,2
canthigaster_valentini,canthigaster valentini,P,OM,2
caracanthus_maculatus,caracanthus maculatus,S,IM,1
caracanthus_madagascariensis,caracanthus madagascariensis,S,IM,1
caracanthus_typicus,caracanthus typicus,S,IM,1
caracanthus_unipinna,caracanthus unipinna,S,IM,1
centropyge_acanthops,centropyge acanthops,F,HD,2
centropyge_argi,centropyge argi,S,HD,2
centropyge_aurantonotus,centropyge aurantonotus,S,HD,2
centropyge_bicolor,centropyge bicolor,P,HD,3
centropyge_bispinosa,centropyge bispinosa,P,HD,2
centropyge_eibli,centropyge eibli,P,HD,3
centropyge_ferrugata,centropyge ferrugata,P,HD,2
centropyge_fisheri,centropyge fisheri,P,HD,1
centropyge_flavissima,centropyge flavissima,P,HD,3
centropyge_heraldi,centropyge heraldi,P,HD,2
centropyge_hotumatua,centropyge hotumatua,P,HD,2
centropyge_joculator,centropyge joculator,P,HD,2
centropyge_loricula,centropyge loricula,P,HD,2
centropyge_multispinis,centropyge multispinis,P,HD,3
centropyge_nox,centropyge nox,P,HD,2
centropyge_potteri,centropyge potteri,P,HD,2
centropyge_tibicen,centropyge tibicen,P,HD,3
centropyge_vrolicki,centropyge vrolicki,P,HD,2
centropyge_vrolikii,centropyge vrolikii,P,HD,2
cephalopholis_argus,cephalopholis argus,S,FC,5
cephalopholis_boenak,cephalopholis boenak,S,FC,4
cephalopholis_colonus,cephalopholis colonus,S,FC,4
cephalopholis_cruentata,cephalopholis cruentata,S,IM,5
cephalopholis_cyanostigma,cephalopholis cyanostigma,S,FC,4
cephalopholis_formosa,cephalopholis formosa,S,FC,4
cephalopholis_fulva,cephalopholis fulva,S,IM,5
cephalopholis_furcifer,cephalopholis furcifer,S,IM,5
cephalopholis_hemistiktos,cephalopholis hemistiktos,S,IM,4
cephalopholis_leopardus,cephalopholis leopardus,S,FC,4
cephalopholis_microprion,cephalopholis microprion,S,FC,4
cephalopholis_miniata,cephalopholis miniata,S,FC,4
cephalopholis_nigri,cephalopholis nigri,S,IM,4
cephalopholis_nigripinnis,cephalopholis nigripinnis,S,IM,4
cephalopholis_panamensis,cephalopholis panamensis,S,FC,4
cephalopholis_sexmaculata,cephalopholis sexmaculata,S,FC,5
cephalopholis_sonnerati,cephalopholis sonnerati,S,FC,5
cephalopholis_sp,cephalopholis sp,S,FC,5
cephalopholis_spiloparaea,cephalopholis spiloparaea,S,FC,4
cephalopholis_taeniops,cephalopholis taeniops,S,FC,5
cephalopholis_urodeta,cephalopholis urodeta,S,FC,4
cetoscarus_bicolor,cetoscarus bicolor,F,HD,6
cetoscarus_ocellatus,cetoscarus ocellatus,F,HD,5
chaetodon_adiergastos,chaetodon adiergastos,P,IM,3
chaetodon_andamanensis,chaetodon andamanensis,P,IM,3
chaetodon_argentatus,chaetodon argentatus,P,IM,3
chaetodon_assarius,chaetodon assarius,M,OM,3
chaetodon_aureofasciatus,chaetodon aureofasciatus,P,IS,3
chaetodon_auriga,chaetodon auriga,P,IM,4
chaetodon_auripes,chaetodon auripes,M,IM,3
chaetodon_austriacus,chaetodon austriacus,P,IS,2
chaetodon_baronessa,chaetodon baronessa,P,IM,3
chaetodon_bennetti,chaetodon bennetti,P,IM,3
chaetodon_blackburnii,chaetodon blackburnii,P,IM,2
chaetodon_capistratus,chaetodon capistratus,P,IS,2
chaetodon_citrinellus,chaetodon citrinellus,P,IS,3
chaetodon_collare,chaetodon collare,P,IS,3
chaetodon_decussatus,chaetodon decussatus,P,IS,3
chaetodon_dolosus,chaetodon dolosus,P,IM,3
chaetodon_ephippium,chaetodon ephippium,P,IS,4
chaetodon_falcula,chaetodon falcula,F,IM,3
chaetodon_fasciatus,chaetodon fasciatus,P,IM,3
chaetodon_flavirostris,chaetodon flavirostris,P,IS,3
chaetodon_fremblii,chaetodon fremblii,F,IS,3
chaetodon_guentheri,chaetodon guentheri,P,IM,3
chaetodon_guttatissimus,chaetodon guttatissimus,P,IS,3
chaetodon_humeralis,chaetodon humeralis,P,IS,4
chaetodon_interruptus,chaetodon interruptus,F,IS,4
chaetodon_kleinii,chaetodon kleinii,P,IM,3
chaetodon_lineolatus,chaetodon lineolatus,P,IM,4
chaetodon_litus,chaetodon litus,P,IM,3
chaetodon_lunula,chaetodon lunula,P,IS,4
chaetodon_lunulatus,chaetodon lunulatus,P,IM,3
chaetodon_madagaskariensis,chaetodon madagaskariensis,P,IM,3
chaetodon_melannotus,chaetodon melannotus,P,IM,3
chaetodon_mertensii,chaetodon mertensii,P,IM,3
chaetodon_meyeri,chaetodon meyeri,P,IM,3
chaetodon_miliaris,chaetodon miliaris,M,PK,3
chaetodon_mitratus,chaetodon mitratus,P,IM,3
chaetodon_multicinctus,chaetodon multicinctus,F,IS,3
chaetodon_ocellatus,chaetodon ocellatus,P,IM,4
chaetodon_ocellicaudus,chaetodon ocellicaudus,P,IM,3
chaetodon_octofasciatus,chaetodon octofasciatus,P,IM,3
chaetodon_ornatissimus,chaetodon ornatissimus,P,IM,3
chaetodon_oxycephalus,chaetodon oxycephalus,P,IM,4
chaetodon_paucifasciatus,chaetodon paucifasciatus,P,IS,2
chaetodon_pelewensis,chaetodon pelewensis,P,IM,3
chaetodon_plebeius,chaetodon plebeius,P,IM,3
chaetodon_punctatofasciatus,chaetodon punctatofasciatus,P,IS,3
chaetodon_quadrimaculatus,chaetodon quadrimaculatus,P,IM,3
chaetodon_rafflesii,chaetodon rafflesii,P,IM,3
chaetodon_rainfordi,chaetodon rainfordi,P,IS,3
chaetodon_reticulatus,chaetodon reticulatus,P,IM,3
chaetodon_robustus,chaetodon robustus,P,IM,3
chaetodon_sedentarius,chaetodon sedentarius,P,IM,3
chaetodon_semeion,chaetodon semeion,P,IM,4
chaetodon_semilarvatus,chaetodon semilarvatus,P,IM,4
chaetodon_smithi,chaetodon smithi,M,PK,3
chaetodon_sp,chaetodon sp,P,IM,3
chaetodon_speculum,chaetodon speculum,S,IM,3
chaetodon_striatus,chaetodon striatus,P,IS,3
chaetodon_triangulum,chaetodon triangulum,P,IM,3
chaetodon_trichrous,chaetodon trichrous,P,IM,3
chaetodon_tricinctus,chaetodon tricinctus,P,IM,3
chaetodon_trifascialis,chaetodon trifascialis,P,IM,3
chaetodon_trifasciatus,chaetodon trifasciatus,P,IM,3
chaetodon_ulietensis,chaetodon ulietensis,P,IS,3
chaetodon_unimaculatus,chaetodon unimaculatus,P,IS,3
chaetodon_vagabundus,chaetodon vagabundus,P,IM,3
chaetodon_wiebeli,chaetodon wiebeli,P,IS,3
chaetodon_xanthocephalus,chaetodon xanthocephalus,P,IS,3
chaetodon_xanthurus,chaetodon xanthurus,P,IS,3
chaetodon_zanzibarensis,chaetodon zanzibarensis,P,IS,2
channomuraena_vittata,channomuraena vittata,S,FC,6
cheilinus_abudjubbe,cheilinus abudjubbe,S,IM,3
cheilinus_chlorourus,cheilinus chlorourus,S,IM,5
cheilinus_fasciatus,cheilinus fasciatus,S,IM,4
cheilinus_lunulatus,cheilinus lunulatus,S,IM,5
cheilinus_oxycephalus,cheilinus oxycephalus,S,IM,3
cheilinus_sp,cheilinus sp,S,IM,3
cheilinus_trilobatus,cheilinus trilobatus,S,IM,4
cheilinus_undulatus,cheilinus undulatus,S,IM,6
cheilio_inermis,cheilio inermis,S,FC,4
cheilodactylus_ephippium,cheilodactylus ephippium,F,IM,5
cheilodactylus_francisi,cheilodactylus francisi,S,IM,4
cheilodactylus_vestitus,cheilodactylus vestitus,S,IM,4
cheilodactylus_vittatus,cheilodactylus vittatus,S,IM,4
cheilodipterus_arabicus,cheilodipterus arabicus,F,FC,3
cheilodipterus_artus,cheilodipterus artus,F,FC,3
cheilodipterus_intermedius,cheilodipterus intermedius,F,FC,3
cheilodipterus_isostigmus,cheilodipterus isostigmus,F,FC,2
cheilodipterus_lachneri,cheilodipterus lachneri,F,FC,2
cheilodipterus_macrodon,cheilodipterus macrodon,S,FC,4
cheilodipterus_parazonatus,cheilodipterus parazonatus,F,FC,2
cheilodipterus_quinquelineatus,cheilodipterus quinquelineatus,F,FC,3
cheilodipterus_singapurensis,cheilodipterus singapurensis,F,FC,3
chelmon_marginalis,chelmon marginalis,P,IM,3
chelmon_rostratus,chelmon rostratus,P,IM,3
chilomycterus_affinis,chilomycterus affinis,S,IM,5
chilomycterus_antennatus,chilomycterus antennatus,S,IM,4
chilomycterus_reticulatus,chilomycterus reticulatus,S,IM,5
chilomycterus_spinosus,chilomycterus spinosus,IM,IM,5
chlorurus_atrilunula,chlorurus atrilunula,F,HD,4
chlorurus_bleekeri,chlorurus bleekeri,F,HD,5
chlorurus_bowersi,chlorurus bowersi,S,HD,4
chlorurus_capistratoides,chlorurus capistratoides,M,HD,5
chlorurus_frontalis,chlorurus frontalis,F,HD,5
chlorurus_gibbus,chlorurus gibbus,F,HD,5
chlorurus_japanensis,chlorurus japanensis,S,HD,4
chlorurus_microrhinos,chlorurus microrhinos,F,HD,5
chlorurus_perspicillatus,chlorurus perspicillatus,F,HD,5
chlorurus_rhakoura,chlorurus rhakoura,F,HD,5
chlorurus_sordidus,chlorurus sordidus,F,HD,4
chlorurus_spilurus,chlorurus spilurus,F,HD,4
chlorurus_strongylocephalus,chlorurus strongylocephalus,F,HD,5
choerodon_anchorago,choerodon anchorago,S,IM,4
choerodon_cauteroma,choerodon cauteroma,S,IM,5
choerodon_cephalotes,choerodon cephalotes,S,IM,4
choerodon_cyanodus,choerodon cyanodus,S,IM,5
choerodon_fasciatus,choerodon fasciatus,S,IM,4
choerodon_graphicus,choerodon graphicus,S,IM,5
choerodon_jordani,choerodon jordani,S,IM,3
choerodon_monostigma,choerodon monostigma,S,IM,4
choerodon_rubescens,choerodon rubescens,S,IM,6
choerodon_schoenleinii,choerodon schoenleinii,S,IM,6
choerodon_vitta,choerodon vitta,S,IM,3
chromis_abrupta,chromis abrupta,M,PK,2
chromis_acares,chromis acares,M,PK,2
chromis_agilis,chromis agilis,M,PK,2
chromis_alpha,chromis alpha,M,PK,2
chromis_alta,chromis alta,L,PK,3
chromis_amboinensis,chromis amboinensis,M,PK,2
chromis_analis,chromis analis,M,PK,3
chromis_atrilobata,chromis atrilobata,M,PK,3
chromis_atripectoralis,chromis atripectoralis,L,PK,3
chromis_atripes,chromis atripes,M,PK,2
chromis_bami,chromis bami,M,PK,2
chromis_caudalis,chromis caudalis,M,PK,2
chromis_chrysura,chromis chrysura,M,PK,3
chromis_cinerascens,chromis cinerascens,M,PK,3
chromis_crusma,chromis crusma,M,PK,3
chromis_cyanea,chromis cyanea,M,PK,3
chromis_dasygenys,chromis dasygenys,M,PK,2
chromis_delta,chromis delta,M,PK,2
chromis_dimidiata,chromis dimidiata,M,PK,2
chromis_elerae,chromis elerae,M,PK,2
chromis_flavaxilla,chromis flavaxilla,M,PK,1
chromis_flavicauda,chromis flavicauda,M,PK,2
chromis_flavipectoralis,chromis flavipectoralis,M,PK,2
chromis_flavomaculata,chromis flavomaculata,L,PK,3
chromis_fumea,chromis fumea,L,PK,2
chromis_hanui,chromis hanui,M,PK,2
chromis_hypsilepis,chromis hypsilepis,M,PK,3
chromis_insolata,chromis insolata,M,PK,3
chromis_iomelas,chromis iomelas,M,PK,2
chromis_jubauna,chromis jubauna,M,PK,2
chromis_lepidolepis,chromis lepidolepis,M,PK,2
chromis_limbata,chromis limbata,L,PK,3
chromis_lineata,chromis lineata,M,PK,2
chromis_lubbocki,chromis lubbocki,L,PK,3
chromis_margaritifer,chromis margaritifer,M,PK,2
chromis_multilineata,chromis multilineata,L,PK,4
chromis_nigrura,chromis nigrura,M,PK,2
chromis_nitida,chromis nitida,M,PK,2
chromis_notata,chromis notata,M,PK,3
chromis_opercularis,chromis opercularis,M,PK,3
chromis_ovalis,chromis ovalis,M,PK,3
chromis_pamae,chromis pamae,M,PK,3
chromis_pelloura,chromis pelloura,M,PK,2
chromis_pembae,chromis pembae,M,PK,2
chromis_randalli,chromis randalli,L,PK,3
chromis_retrofasciata,chromis retrofasciata,M,PK,2
chromis_scotochiloptera,chromis scotochiloptera,M,PK,3
chromis_scotti,chromis scotti,F,PK,3
chromis_sp,chromis sp,F,PK,3
chromis_ternatensis,chromis ternatensis,M,PK,2
chromis_vanderbilti,chromis vanderbilti,L,PK,2
chromis_verater,chromis verater,M,PK,3
chromis_viridis,chromis viridis,L,PK,2
chromis_weberi,chromis weberi,M,PK,2
chromis_xanthochira,chromis xanthochira,L,PK,3
chromis_xanthura,chromis xanthura,L,PK,3
chromis_xutha,chromis xutha,F,PK,2
chrysiptera_annulata,chrysiptera annulata,F,OM,2
chrysiptera_biocellata,chrysiptera biocellata,F,OM,2
chrysiptera_bleekeri,chrysiptera bleekeri,F,OM,2
chrysiptera_brownriggii,chrysiptera brownriggii,F,OM,2
chrysiptera_caesifrons,chrysiptera caesifrons,F,PK,2
chrysiptera_cyanea,chrysiptera cyanea,F,OM,2
chrysiptera_cymatilis,chrysiptera cymatilis,F,PK,2
chrysiptera_flavipinnis,chrysiptera flavipinnis,F,OM,2
chrysiptera_galba,chrysiptera galba,F,OM,2
chrysiptera_glauca,chrysiptera glauca,M,OM,2
chrysiptera_hemicyanea,chrysiptera hemicyanea,F,OM,2
chrysiptera_notialis,chrysiptera notialis,F,PK,2
chrysiptera_oxycephala,chrysiptera oxycephala,M,PK,2
chrysiptera_parasema,chrysiptera parasema,F,PK,2
chrysiptera_rapanui,chrysiptera rapanui,F,OM,2
chrysiptera_rex,chrysiptera rex,F,OM,2
chrysiptera_rollandi,chrysiptera rollandi,F,OM,1
chrysiptera_springeri,chrysiptera springeri,M,OM,2
chrysiptera_starcki,chrysiptera starcki,F,OM,2
chrysiptera_talboti,chrysiptera talboti,F,OM,2
chrysiptera_taupou,chrysiptera taupou,F,OM,2
chrysiptera_traceyi,chrysiptera traceyi,F,OM,1
chrysiptera_tricincta,chrysiptera tricincta,P,OM,2
chrysiptera_unimaculata,chrysiptera unimaculata,F,OM,2
cirrhilabrus_beauperryi,cirrhilabrus beauperryi,M,PK,2
cirrhilabrus_cyanopleura,cirrhilabrus cyanopleura,M,PK,3
cirrhilabrus_exquisitus,cirrhilabrus exquisitus,M,PK,3
cirrhilabrus_flavidorsalis,cirrhilabrus flavidorsalis,M,PK,2
cirrhilabrus_katherinae,cirrhilabrus katherinae,M,PK,2
cirrhilabrus_laboutei,cirrhilabrus laboutei,M,PK,3
cirrhilabrus_lineatus,cirrhilabrus lineatus,M,PK,3
cirrhilabrus_punctatus,cirrhilabrus punctatus,M,PK,3
cirrhilabrus_randalli,cirrhilabrus randalli,M,PK,2
cirrhilabrus_scottorum,cirrhilabrus scottorum,M,PK,3
cirrhilabrus_solorensis,cirrhilabrus solorensis,M,PK,2
cirrhilabrus_sp,cirrhilabrus sp,M,PK,2
cirrhilabrus_temminckii,cirrhilabrus temminckii,M,PK,2
cirrhilabrus_walindi,cirrhilabrus walindi,M,PK,2
cirrhitichthys_aprinus,cirrhitichthys aprinus,S,IM,2
cirrhitichthys_falco,cirrhitichthys falco,S,IM,2
cirrhitichthys_oxycephalus,cirrhitichthys oxycephalus,S,IM,2
cirrhitops_fasciatus,cirrhitops fasciatus,S,IM,3
cirrhitops_hubbardi,cirrhitops hubbardi,S,IM,4
cirrhitus_atlanticus,cirrhitus atlanticus,S,IM,3
cirrhitus_pinnulatus,cirrhitus pinnulatus,S,FC,4
cirrhitus_rivulatus,cirrhitus rivulatus,S,IM,5
cirripectes_alboapicalis,cirripectes alboapicalis,S,HD,3
cirripectes_alleni,cirripectes alleni,S,HD,2
cirripectes_auritus,cirripectes auritus,S,HD,2
cirripectes_castaneus,cirripectes castaneus,S,HD,3
cirripectes_chelomatus,cirripectes chelomatus,S,HD,3
cirripectes_filamentosus,cirripectes filamentosus,S,HD,2
cirripectes_fuscoguttatus,cirripectes fuscoguttatus,S,HD,3
cirripectes_hutchinsi,cirripectes hutchinsi,S,HD,2
cirripectes_polyzona,cirripectes polyzona,S,HD,3
cirripectes_sp,cirripectes sp,S,HD,2
cirripectes_springeri,cirripectes springeri,S,HD,2
cirripectes_stigmaticus,cirripectes stigmaticus,S,HD,3
cirripectes_vanderbilti,cirripectes vanderbilti,S,HD,3
cirripectes_variolosus,cirripectes variolosus,S,HD,3
clepticus_africanus,clepticus africanus,M,PK,1
clepticus_brasiliensis,clepticus brasiliensis,M,PK,1
clepticus_parrae,clepticus parrae,M,PK,4
coradion_altivelis,coradion altivelis,S,IM,3
coradion_chrysozonus,coradion chrysozonus,P,IM,3
coris_atlantica,coris atlantica,F,IM,1
coris_auricularis,coris auricularis,S,IM,4
coris_aurilineata,coris aurilineata,F,IM,3
coris_aygula,coris aygula,S,IM,5
coris_batuensis,coris batuensis,F,IM,3
coris_bulbifrons,coris bulbifrons,S,IM,5
coris_caudimacula,coris caudimacula,S,IM,3
coris_centralis,coris centralis,S,IM,3
coris_cuvieri,coris cuvieri,S,IM,4
coris_debueni,coris debueni,S,IM,4
coris_dorsomacula,coris dorsomacula,S,IM,3
coris_flavovittata,coris flavovittata,S,IM,5
coris_formosa,coris formosa,S,IM,5
coris_gaimard,coris gaimard,S,IM,4
coris_hewetti,coris hewetti,S,IM,3
coris_picta,coris picta,M,IM,4
coris_pictoides,coris pictoides,F,IM,3
coris_roseoviridis,coris roseoviridis,S,IM,4
coris_sandeyeri,coris sandeyeri,F,IM,3
coris_sp,coris sp,S,IM,4
coris_venusta,coris venusta,S,IM,3
coryphopterus_dicrus,coryphopterus dicrus,F,IM,2
coryphopterus_eidolon,coryphopterus eidolon,F,IM,2
coryphopterus_glaucofraenum,coryphopterus glaucofraenum,F,IM,2
coryphopterus_hyalinus,coryphopterus hyalinus,M,PK,1
coryphopterus_lipernes,coryphopterus lipernes,F,IM,1
coryphopterus_personatus,coryphopterus personatus,S,IM,1
coryphopterus_sp,coryphopterus sp,S,IM,1
coryphopterus_sp_aotep_brasil,coryphopterus sp aotep brasil,S,IM,1
coryphopterus_sp_aotep_caribe,coryphopterus sp aotep caribe,S,IM,1
coryphopterus_tortugae,coryphopterus tortugae,F,IM,1
coryphopterus_urospilus,coryphopterus urospilus,S,IM,2
corythoichthys_conspicillatus,corythoichthys conspicillatus,P,IM,3
corythoichthys_haematopterus,corythoichthys haematopterus,P,IM,3
corythoichthys_intestinalis,corythoichthys intestinalis,P,IM,3
corythoichthys_ocellatus,corythoichthys ocellatus,P,IM,2
corythoichthys_schultzi,corythoichthys schultzi,P,IM,3
corythoichthys_sp,corythoichthys sp,P,IM,3
corythoichthys_spx,corythoichthys spx,P,IM,3
corythoichthys_spz,corythoichthys spz,P,IM,3
cromileptes_altivelis,cromileptes altivelis,S,FC,5
cryptocentrus_caeruleomaculatus,cryptocentrus caeruleomaculatus,S,IM,2
cryptocentrus_cinctus,cryptocentrus cinctus,P,IM,3
cryptocentrus_fasciatus,cryptocentrus fasciatus,S,IM,3
cryptocentrus_leptocephalus,cryptocentrus leptocephalus,S,IM,2
cryptocentrus_polyophthalmus,cryptocentrus polyophthalmus,S,IM,2
cryptocentrus_sp,cryptocentrus sp,S,IM,2
cryptocentrus_strigilliceps,cryptocentrus strigilliceps,S,IM,2
ctenochaetus_binotatus,ctenochaetus binotatus,F,HD,3
ctenochaetus_cyanocheilus,ctenochaetus cyanocheilus,F,HD,3
ctenochaetus_flavicauda,ctenochaetus flavicauda,F,HD,3
ctenochaetus_hawaiiensis,ctenochaetus hawaiiensis,S,HD,4
ctenochaetus_marginatus,ctenochaetus marginatus,F,HD,4
ctenochaetus_sp,ctenochaetus sp,F,HD,4
ctenochaetus_striatus,ctenochaetus striatus,M,HD,4
ctenochaetus_strigosus,ctenochaetus strigosus,F,HD,3
ctenochaetus_tominiensis,ctenochaetus tominiensis,F,HD,3
ctenochaetus_truncatus,ctenochaetus truncatus,F,HD,3
ctenogobiops_aurocingulus,ctenogobiops aurocingulus,S,IM,2
ctenogobiops_crocineus,ctenogobiops crocineus,P,IM,2
ctenogobiops_feroculus,ctenogobiops feroculus,P,IM,2
ctenogobiops_maculosus,ctenogobiops maculosus,S,IM,2
ctenogobiops_mitodes,ctenogobiops mitodes,S,IM,2
ctenogobiops_pomastictus,ctenogobiops pomastictus,S,IM,2
ctenogobiops_sp,ctenogobiops sp,S,IM,2
ctenogobiops_tangaroai,ctenogobiops tangaroai,S,IM,1
ctenogobius_saepepallens,ctenogobius saepepallens,S,OM,2
cymolutes_lecluse,cymolutes lecluse,S,IM,3
cymolutes_praetextatus,cymolutes praetextatus,S,IM,3
dascyllus_albisella,dascyllus albisella,M,PK,2
dascyllus_aruanus,dascyllus aruanus,M,PK,2
dascyllus_carneus,dascyllus carneus,M,PK,2
dascyllus_flavicaudus,dascyllus flavicaudus,M,PK,2
dascyllus_marginatus,dascyllus marginatus,M,PK,1
dascyllus_melanurus,dascyllus melanurus,M,PK,2
dascyllus_reticulatus,dascyllus reticulatus,M,PK,2
dascyllus_sp,dascyllus sp,M,PK,2
dascyllus_strasburgi,dascyllus strasburgi,F,PK,2
dascyllus_trimaculatus,dascyllus trimaculatus,F,PK,3
dasyatis_americana,dasyatis americana,S,IM,5
dasyatis_brevicaudata,dasyatis brevicaudata,S,IM,5
dasyatis_brevis,dasyatis brevis,S,IM,5
dasyatis_centroura,dasyatis centroura,S,IM,5
dasyatis_kuhlii,dasyatis kuhlii,S,IM,5
dasyatis_longa,dasyatis longa,S,IM,5
dasyatis_thetidis,dasyatis thetidis,S,IM,5
dendrochirus_barberi,dendrochirus barberi,S,IM,3
dendrochirus_zebra,dendrochirus zebra,S,FC,4
dermatolepis_dermatolepis,dermatolepis dermatolepis,S,FC,6
dermatolepis_inermis,dermatolepis inermis,S,FC,6
dermatolepis_striolata,dermatolepis striolata,S,FC,6
diagramma_labiosum,diagramma labiosum,M,IM,5
diagramma_melanacrum,diagramma melanacrum,M,IM,5
diagramma_pictum,diagramma pictum,M,IM,5
diodon_holacanthus,diodon holacanthus,S,IM,4
diodon_holocanthus,diodon holocanthus,S,IM,4
diodon_hystrix,diodon hystrix,S,IM,5
diodon_liturosus,diodon liturosus,S,IM,4
diodon_sp,diodon sp,S,IM,4
dischistodus_chrysopoecilus,dischistodus chrysopoecilus,F,HD,3
dischistodus_darwiniensis,dischistodus darwiniensis,F,HD,3
dischistodus_melanotus,dischistodus melanotus,S,HD,3
dischistodus_perspicillatus,dischistodus perspicillatus,F,HD,3
dischistodus_prosopotaenia,dischistodus prosopotaenia,F,HD,3
dischistodus_pseudochrysopoecilus,dischistodus pseudochrysopoecilus,F,HD,3
echidna_catenata,echidna catenata,S,IM,6
echidna_nebulosa,echidna nebulosa,S,IM,5
echidna_nocturna,echidna nocturna,S,IM,5
ecsenius_aequalis,ecsenius aequalis,S,HD,1
ecsenius_alleni,ecsenius alleni,S,HD,1
ecsenius_australianus,ecsenius australianus,S,HD,2
ecsenius_bandanus,ecsenius bandanus,S,HD,1
ecsenius_bathi,ecsenius bathi,S,HD,1
ecsenius_bicolor,ecsenius bicolor,S,HD,3
ecsenius_dentex,ecsenius dentex,S,HD,1
ecsenius_fijiensis,ecsenius fijiensis,S,HD,1
ecsenius_fourmanoiri,ecsenius fourmanoiri,S,HD,1
ecsenius_frontalis,ecsenius frontalis,S,HD,2
ecsenius_gravieri,ecsenius gravieri,S,HD,2
ecsenius_lineatus,ecsenius lineatus,S,HD,2
ecsenius_lividanalis,ecsenius lividanalis,S,HD,1
ecsenius_mandibularis,ecsenius mandibularis,S,HD,2
ecsenius_midas,ecsenius midas,F,HD,3
ecsenius_minutus,ecsenius minutus,F,HD,1
ecsenius_nalolo,ecsenius nalolo,S,HD,2
ecsenius_namiyei,ecsenius namiyei,S,HD,2
ecsenius_oculatus,ecsenius oculatus,S,HD,1
ecsenius_pictus,ecsenius pictus,S,HD,1
ecsenius_prooculis,ecsenius prooculis,S,HD,1
ecsenius_schroederi,ecsenius schroederi,S,HD,2
ecsenius_sp,ecsenius sp,S,HD,2
ecsenius_stictus,ecsenius stictus,S,HD,1
ecsenius_stigmatura,ecsenius stigmatura,S,HD,2
ecsenius_tigris,ecsenius tigris,S,HD,1
ecsenius_trilineatus,ecsenius trilineatus,S,HD,1
ecsenius_yaeyamaensis,ecsenius yaeyamaensis,S,HD,2
elacatinus_dilepis,elacatinus dilepis,F,IM,1
elacatinus_evelynae,elacatinus evelynae,F,IM,1
elacatinus_figaro,elacatinus figaro,F,IM,1
elacatinus_genie,elacatinus genie,F,IM,1
elacatinus_horsti,elacatinus horsti,F,IM,2
elacatinus_inornatus,elacatinus inornatus,F,HD,1
elacatinus_lobeli,elacatinus lobeli,F,IM,1
elacatinus_oceanops,elacatinus oceanops,F,IM,2
elacatinus_phthirophagus,elacatinus phthirophagus,F,IM,1
elacatinus_pridisi,elacatinus pridisi,F,IM,1
elacatinus_prochilos,elacatinus prochilos,F,IM,1
elacatinus_puncticulatus,elacatinus puncticulatus,S,IM,1
elacatinus_randalli,elacatinus randalli,F,IM,1
elacatinus_saucrus,elacatinus saucrus,F,IM,1
elacatinus_xanthiprora,elacatinus xanthiprora,F,IM,1
elagatis_bipinnulata,elagatis bipinnulata,M,FC,6
emblemariopsis_signifer,emblemariopsis signifer,P,HD,1
emblemariopsis_sp_aotep_3,emblemariopsis sp aotep 3,P,HD,1
enchelycore_anatina,enchelycore anatina,S,IM,6
enchelycore_carychroa,enchelycore carychroa,S,IM,4
enchelycore_lichenosa,enchelycore lichenosa,S,FC,6
enchelycore_nigricans,enchelycore nigricans,S,IM,6
enchelycore_ramosa,enchelycore ramosa,S,FC,6
enchelynassa_canina,enchelynassa canina,S,FC,6
enneanectes_carminalis,enneanectes carminalis,S,IM,1
enneapterygius_atriceps,enneapterygius atriceps,S,IM,1
enneapterygius_atrogulare,enneapterygius atrogulare,S,IM,1
enneapterygius_etheostomus,enneapterygius etheostomus,S,IM,1
enneapterygius_flavoccipitis,enneapterygius flavoccipitis,S,IM,1
enneapterygius_howensis,enneapterygius howensis,S,IM,1
enneapterygius_larsonae,enneapterygius larsonae,S,IM,1
enneapterygius_mirabilis,enneapterygius mirabilis,S,IM,1
enneapterygius_rufopileus,enneapterygius rufopileus,S,IM,1
enneapterygius_similis,enneapterygius similis,S,IM,1
enneapterygius_sp_[red_sea],enneapterygius sp [red sea],S,IM,1
enneapterygius_tutuilae,enneapterygius tutuilae,S,PK,1
entomacrodus_marmoratus,entomacrodus marmoratus,S,HD,3
entomacrodus_sp_aotep_n,entomacrodus sp aotep n,S,HD,3
epibulus_brevis,epibulus brevis,S,FC,3
epibulus_insidiator,epibulus insidiator,S,FC,4
epibulus_sp,epibulus sp,S,FC,4
epinephelus_adscensionis,epinephelus adscensionis,S,IM,5
epinephelus_analogus,epinephelus analogus,S,FC,6
epinephelus_bilobatus,epinephelus bilobatus,S,FC,4
epinephelus_bleekeri,epinephelus bleekeri,S,FC,5
epinephelus_clippertonensis,epinephelus clippertonensis,S,FC,5
epinephelus_coeruleopunctatus,epinephelus coeruleopunctatus,S,FC,5
epinephelus_coioides,epinephelus coioides,S,FC,6
epinephelus_corallicola,epinephelus corallicola,S,FC,4
epinephelus_cyanopodus,epinephelus cyanopodus,S,FC,5
epinephelus_daemelii,epinephelus daemelii,S,FC,6
epinephelus_fasciatus,epinephelus fasciatus,S,FC,4
epinephelus_fuscoguttatus,epinephelus fuscoguttatus,S,FC,6
epinephelus_guttatus,epinephelus guttatus,S,IM,5
epinephelus_hexagonatus,epinephelus hexagonatus,S,FC,4
epinephelus_howlandi,epinephelus howlandi,S,FC,4
epinephelus_irroratus,epinephelus irroratus,S,FC,4
epinephelus_itajara,epinephelus itajara,S,IM,6
epinephelus_labriformis,epinephelus labriformis,S,FC,5
epinephelus_lanceolatus,epinephelus lanceolatus,S,FC,6
epinephelus_longispinis,epinephelus longispinis,S,FC,5
epinephelus_macrospilos,epinephelus macrospilos,S,FC,4
epinephelus_maculatus,epinephelus maculatus,S,FC,5
epinephelus_malabaricus,epinephelus malabaricus,S,FC,6
epinephelus_melanostigma,epinephelus melanostigma,S,FC,4
epinephelus_merra,epinephelus merra,S,FC,4
epinephelus_morio,epinephelus morio,S,IM,6
epinephelus_multinotatus,epinephelus multinotatus,S,FC,5
epinephelus_octofasciatus,epinephelus octofasciatus,S,FC,5
epinephelus_ongus,epinephelus ongus,S,FC,4
epinephelus_polyphekadion,epinephelus polyphekadion,S,FC,5
epinephelus_quoyanus,epinephelus quoyanus,S,FC,4
epinephelus_rivulatus,epinephelus rivulatus,S,FC,4
epinephelus_socialis,epinephelus socialis,S,FC,5
epinephelus_sp,epinephelus sp,S,FC,5
epinephelus_spilotoceps,epinephelus spilotoceps,S,FC,4
epinephelus_striatus,epinephelus striatus,S,IM,6
epinephelus_tauvina,epinephelus tauvina,S,FC,5
epinephelus_trimaculatus,epinephelus trimaculatus,S,FC,4
epinephelus_tukula,epinephelus tukula,S,FC,6
equetus_lanceolatus,equetus lanceolatus,F,IM,4
equetus_punctatus,equetus punctatus,F,IM,4
eviota_albolineata,eviota albolineata,F,IM,1
eviota_atriventris,eviota atriventris,F,IM,1
eviota_bifasciata,eviota bifasciata,F,IM,1
eviota_bimaculata,eviota bimaculata,F,IM,1
eviota_fasciola,eviota fasciola,S,IM,1
eviota_guttata,eviota guttata,F,IM,1
eviota_hoesei,eviota hoesei,S,IM,1
eviota_lachdeberei,eviota lachdeberei,F,IM,1
eviota_latifasciata,eviota latifasciata,S,IM,1
eviota_melasma,eviota melasma,S,IM,1
eviota_natalis,eviota natalis,S,IM,1
eviota_nigriventris,eviota nigriventris,F,IM,1
eviota_pellucida,eviota pellucida,F,IM,1
eviota_prasina,eviota prasina,S,IM,1
eviota_prasites,eviota prasites,F,IM,1
eviota_punctulata,eviota punctulata,S,IM,1
eviota_queenslandica,eviota queenslandica,F,IM,1
eviota_raja,eviota raja,S,IM,1
eviota_readerae,eviota readerae,S,IM,1
eviota_rubriceps,eviota rubriceps,S,IM,1
eviota_rubrisparsa,eviota rubrisparsa,S,IM,1
eviota_sebreei,eviota sebreei,F,IM,1
eviota_sigillata,eviota sigillata,F,IM,1
eviota_smaragdus,eviota smaragdus,S,IM,1
eviota_sp,eviota sp,S,IM,1
eviota_spd,eviota spd,S,IM,1
eviota_spilota,eviota spilota,S,IM,1
eviota_storthynx,eviota storthynx,S,IM,1
eviota_zebrina,eviota zebrina,S,IM,1
exallias_brevis,exallias brevis,S,IS,3
exyrias_belissimus,exyrias belissimus,S,IM,3
fistularia_commersonii,fistularia commersonii,F,FC,6
fistularia_petimba,fistularia petimba,F,FC,6
fistularia_tabacaria,fistularia tabacaria,S,FC,6
foa_brachygramma,foa brachygramma,S,IM,2
forcipiger_flavissimus,forcipiger flavissimus,P,IM,4
forcipiger_longirostris,forcipiger longirostris,P,IM,4
fusigobius_aureus,fusigobius aureus,S,IM,2
fusigobius_duospilus,fusigobius duospilus,F,IM,2
fusigobius_inframaculatus,fusigobius inframaculatus,S,IM,2
fusigobius_melacron,fusigobius melacron,S,IM,2
fusigobius_neophytus,fusigobius neophytus,S,IM,2
fusigobius_signipinnis,fusigobius signipinnis,S,IM,2
fusigobius_sp_[fine_spots],fusigobius sp [fine spots],S,IM,2
genicanthus_caudovittatus,genicanthus caudovittatus,F,PK,3
genicanthus_lamarck,genicanthus lamarck,F,PK,4
genicanthus_melanospilos,genicanthus melanospilos,F,PK,3
genicanthus_semicinctus,genicanthus semicinctus,F,PK,3
genicanthus_watanabei,genicanthus watanabei,F,PK,3
gerres_cinereus,gerres cinereus,L,IM,5
gerres_oblongus,gerres oblongus,M,IM,3
gerres_ovatus,gerres ovatus,M,IM,3
gerres_oyena,gerres oyena,M,IM,3
gerres_subfasciatus,gerres subfasciatus,M,IM,3
ginglymostoma_cirratum,ginglymostoma cirratum,M,IM,3
gnathodentex_aureolineatus,gnathodentex aureolineatus,L,IM,4
gnathodentex_aurolineatus,gnathodentex aurolineatus,L,IM,4
gnatholepis_anjerensis,gnatholepis anjerensis,S,OM,2
gnatholepis_cauerensis,gnatholepis cauerensis,S,OM,2
gnatholepis_pascuensis,gnatholepis pascuensis,S,OM,1
gnatholepis_species,gnatholepis species,S,OM,1
gnatholepis_thompsoni,gnatholepis thompsoni,F,OM,2
gobiodon_ceramensis,gobiodon ceramensis,P,IM,1
gobiodon_citrinus,gobiodon citrinus,P,IM,1
gobiodon_heterospilos,gobiodon heterospilos,S,IM,1
gobiodon_histrio,gobiodon histrio,S,IM,1
gobiodon_okinawae,gobiodon okinawae,P,IM,1
gobiodon_prolixus,gobiodon prolixus,S,IM,1
gobiodon_quinquestrigatus,gobiodon quinquestrigatus,S,IM,1
gobiodon_rivulatus,gobiodon rivulatus,S,IM,1
gobiodon_sp,gobiodon sp,S,IM,1
gobiodon_spilophthalmus,gobiodon spilophthalmus,S,IM,1
gomphosus_caeruleus,gomphosus caeruleus,S,IM,3
gomphosus_varius,gomphosus varius,S,IM,3
gracila_albomarginata,gracila albomarginata,S,FC,4
gramma_brasiliensis,gramma brasiliensis,F,IM,2
gramma_loreto,gramma loreto,F,IM,2
grammistes_sexlineatus,grammistes sexlineatus,S,FC,4
gunnellichthys_curiosus,gunnellichthys curiosus,P,PK,3
gunnellichthys_monostigma,gunnellichthys monostigma,P,PK,2
gymnocranius_audleyi,gymnocranius audleyi,F,IM,4
gymnocranius_euanus,gymnocranius euanus,F,IM,5
gymnocranius_microdon,gymnocranius microdon,F,IM,4
gymnomuraena_zebra,gymnomuraena zebra,S,FC,6
gymnothorax_annasona,gymnothorax annasona,S,FC,5
gymnothorax_breedeni,gymnothorax breedeni,S,FC,6
gymnothorax_buroensis,gymnothorax buroensis,S,IM,4
gymnothorax_castaneus,gymnothorax castaneus,S,FC,6
gymnothorax_dovii,gymnothorax dovii,S,FC,6
gymnothorax_eurostus,gymnothorax eurostus,S,FC,5
gymnothorax_favagineus,gymnothorax favagineus,S,FC,6
gymnothorax_fimbriatus,gymnothorax fimbriatus,S,FC,5
gymnothorax_flavimarginatus,gymnothorax flavimarginatus,S,FC,6
gymnothorax_funebris,gymnothorax funebris,S,FC,6
gymnothorax_griseus,gymnothorax griseus,S,IM,5
gymnothorax_isingteena,gymnothorax isingteena,S,FC,6
gymnothorax_javanicus,gymnothorax javanicus,S,FC,6
gymnothorax_melatremus,gymnothorax melatremus,S,IM,4
gymnothorax_meleagris,gymnothorax meleagris,S,FC,6
gymnothorax_miliaris,gymnothorax miliaris,S,IM,5
gymnothorax_moringa,gymnothorax moringa,S,FC,6
gymnothorax_nubilus,gymnothorax nubilus,S,IM,5
gymnothorax_nudivomer,gymnothorax nudivomer,S,FC,6
gymnothorax_panamensis,gymnothorax panamensis,S,IM,5
gymnothorax_pictus,gymnothorax pictus,S,FC,6
gymnothorax_porphyreus,gymnothorax porphyreus,S,IM,4
gymnothorax_prionodon,gymnothorax prionodon,S,FC,5
gymnothorax_sp,gymnothorax sp,S,FC,5
gymnothorax_sp_aotep_cabo_verde,gymnothorax sp aotep cabo verde,S,FC,5
gymnothorax_thrysoideus,gymnothorax thrysoideus,S,FC,5
gymnothorax_thyrsoideus,gymnothorax thyrsoideus,S,IM,5
gymnothorax_undulatus,gymnothorax undulatus,S,FC,6
gymnothorax_vicinus,gymnothorax vicinus,S,FC,6
gymnothorax_zonipectis,gymnothorax zonipectis,S,FC,5
haemulon_album,haemulon album,M,IM,5
haemulon_aurolineatum,haemulon aurolineatum,L,IM,4
haemulon_carbonarium,haemulon carbonarium,M,IM,4
haemulon_chrysargyreum,haemulon chrysargyreum,M,IM,4
haemulon_flaviguttatum,haemulon flaviguttatum,L,IM,5
haemulon_flavolineatum,haemulon flavolineatum,M,IM,4
haemulon_macrostomum,haemulon macrostomum,M,IM,5
haemulon_maculicauda,haemulon maculicauda,M,IM,4
haemulon_melanurum,haemulon melanurum,M,IM,4
haemulon_parra,haemulon parra,M,IM,5
haemulon_plumierii,haemulon plumierii,M,IM,5
haemulon_sciurus,haemulon sciurus,M,IM,5
haemulon_scudderii,haemulon scudderii,M,IM,4
haemulon_sexfasciatum,haemulon sexfasciatum,M,IM,5
haemulon_squamipinna,haemulon squamipinna,L,IM,3
haemulon_steindachneri,haemulon steindachneri,M,IM,4
haemulon_vittatum,haemulon vittatum,M,IM,4
halichoeres_adustus,halichoeres adustus,F,IM,3
halichoeres_argus,halichoeres argus,F,IM,3
halichoeres_biocellatus,halichoeres biocellatus,S,IM,3
halichoeres_bivittatus,halichoeres bivittatus,S,IM,4
halichoeres_brasiliensis,halichoeres brasiliensis,S,IM,1
halichoeres_brownfieldi,halichoeres brownfieldi,F,IM,3
halichoeres_chierchiae,halichoeres chierchiae,F,IM,3
halichoeres_chloropterus,halichoeres chloropterus,S,IM,3
halichoeres_chrysus,halichoeres chrysus,F,IM,3
halichoeres_cosmetus,halichoeres cosmetus,S,IM,3
halichoeres_cyanocephalus,halichoeres cyanocephalus,S,IM,4
halichoeres_dimidiatus,halichoeres dimidiatus,S,IM,1
halichoeres_discolor,halichoeres discolor,F,IM,3
halichoeres_dispilus,halichoeres dispilus,F,IM,4
halichoeres_erdmanni,halichoeres erdmanni,F,IM,4
halichoeres_garnoti,halichoeres garnoti,S,IM,3
halichoeres_hartzfeldii,halichoeres hartzfeldii,F,IM,3
halichoeres_hortulanus,halichoeres hortulanus,S,IM,4
halichoeres_insularis,halichoeres insularis,F,IM,2
halichoeres_iridis,halichoeres iridis,S,IM,3
halichoeres_leucurus,halichoeres leucurus,S,IM,3
halichoeres_maculipinna,halichoeres maculipinna,S,IM,3
halichoeres_malpelo,halichoeres malpelo,F,IM,3
halichoeres_margaritaceus,halichoeres margaritaceus,F,IM,3
halichoeres_marginatus,halichoeres marginatus,S,IM,3
halichoeres_melanochir,halichoeres melanochir,S,IM,3
halichoeres_melanotis,halichoeres melanotis,F,IM,3
halichoeres_melanurus,halichoeres melanurus,F,IM,3
halichoeres_melasmapomus,halichoeres melasmapomus,S,IM,3
halichoeres_miniatus,halichoeres miniatus,S,IM,2
halichoeres_nebulosus,halichoeres nebulosus,F,IM,3
halichoeres_nicholsi,halichoeres nicholsi,F,IM,4
halichoeres_nigrescens,halichoeres nigrescens,F,IM,3
halichoeres_notospilus,halichoeres notospilus,F,IM,4
halichoeres_orientalis,halichoeres orientalis,S,IM,3
halichoeres_ornatissimus,halichoeres ornatissimus,S,IM,3
halichoeres_pelicieri,halichoeres pelicieri,S,IM,1
halichoeres_penrosei,halichoeres penrosei,S,IM,2
halichoeres_pictus,halichoeres pictus,S,IM,3
halichoeres_podostigma,halichoeres podostigma,S,IM,3
halichoeres_poeyi,halichoeres poeyi,S,IM,4
halichoeres_prosopeion,halichoeres prosopeion,S,IM,3
halichoeres_radiatus,halichoeres radiatus,S,IM,5
halichoeres_richmondi,halichoeres richmondi,F,IM,3
halichoeres_rubrovirens,halichoeres rubrovirens,F,IM,3
halichoeres_salmofasciatus,halichoeres salmofasciatus,F,IM,2
halichoeres_sazimai,halichoeres sazimai,S,IM,4
halichoeres_scapularis,halichoeres scapularis,S,IM,3
halichoeres_semicinctus,halichoeres semicinctus,F,IM,4
halichoeres_solorensis,halichoeres solorensis,F,IM,3
halichoeres_sp,halichoeres sp,F,IM,3
halichoeres_tenuispinis,halichoeres tenuispinis,F,IM,3
halichoeres_timorensis,halichoeres timorensis,F,IM,2
halichoeres_trimaculatus,halichoeres trimaculatus,F,IM,4
halichoeres_zeylonicus,halichoeres zeylonicus,F,IM,3
helcogramma_chica,helcogramma chica,S,IM,1
helcogramma_sp,helcogramma sp,S,IM,1
helcogramma_striatum,helcogramma striatum,S,PK,1
hemigymnus_fasciatus,hemigymnus fasciatus,S,IM,4
hemigymnus_melapterus,hemigymnus melapterus,S,IM,5
hemitaurichthys_multispinosus,hemitaurichthys multispinosus,M,PK,3
hemitaurichthys_polylepis,hemitaurichthys polylepis,F,PK,3
hemitaurichthys_thompsoni,hemitaurichthys thompsoni,L,PK,3
hemitaurichthys_zoster,hemitaurichthys zoster,L,PK,3
heniochus_acuminatus,heniochus acuminatus,P,IM,4
heniochus_chrysostomus,heniochus chrysostomus,P,IM,3
heniochus_diphreutes,heniochus diphreutes,M,PK,4
heniochus_intermedius,heniochus intermedius,M,IM,3
heniochus_monoceros,heniochus monoceros,P,IM,4
heniochus_pleurotaenia,heniochus pleurotaenia,M,IM,3
heniochus_singularius,heniochus singularius,P,IM,4
heniochus_varius,heniochus varius,P,IM,3
heteroconger_hassi,heteroconger hassi,F,PK,4
heteroconger_klausewitzi,heteroconger klausewitzi,M,PK,5
heteropriacanthus_cruentatus,heteropriacanthus cruentatus,F,IM,5
hippocampus_bargibanti,hippocampus bargibanti,S,IM,1
hippocampus_ingens,hippocampus ingens,S,IM,4
hippocampus_pontohi,hippocampus pontohi,S,IM,1
hippocampus_reidi,hippocampus reidi,S,IM,3
hipposcarus_harid,hipposcarus harid,M,HD,5
hipposcarus_longiceps,hipposcarus longiceps,M,HD,5
holacanthus_africanus,holacanthus africanus,S,IS,5
holacanthus_bermudensis,holacanthus bermudensis,S,IS,5
holacanthus_ciliaris,holacanthus ciliaris,S,IS,5
holacanthus_clarionensis,holacanthus clarionensis,F,IM,4
holacanthus_passer,holacanthus passer,S,IS,4
holacanthus_tricolor,holacanthus tricolor,S,IS,4
hologymnosus_annulatus,hologymnosus annulatus,S,IM,4
hologymnosus_doliatus,hologymnosus doliatus,F,IM,5
hologymnosus_sp,hologymnosus sp,F,IM,5
hoplolatilus_cuniculus,hoplolatilus cuniculus,P,PK,3
hoplolatilus_starcki,hoplolatilus starcki,P,PK,3
hypleurochilus_fissicornis,hypleurochilus fissicornis,S,HD,2
hypleurochilus_pseudoaequipinnis,hypleurochilus pseudoaequipinnis,S,HD,1
hypoplectrus_aberrans,hypoplectrus aberrans,S,IM,3
hypoplectrus_chlorurus,hypoplectrus chlorurus,S,IM,3
hypoplectrus_gemma,hypoplectrus gemma,S,IM,3
hypoplectrus_guttavarius,hypoplectrus guttavarius,S,IM,3
hypoplectrus_indigo,hypoplectrus indigo,S,IM,3
hypoplectrus_nigricans,hypoplectrus nigricans,S,IM,3
hypoplectrus_providencianus,hypoplectrus providencianus,S,IM,1
hypoplectrus_puella,hypoplectrus puella,S,IM,3
hypoplectrus_sp_[2],hypoplectrus sp [2],S,IM,3
hypoplectrus_sp_[tan],hypoplectrus sp [tan],S,IM,3
hypoplectrus_sp_aotep,hypoplectrus sp aotep,S,IM,3
hypoplectrus_unicolor,hypoplectrus unicolor,S,IM,3
iniistius_aneitensis,iniistius aneitensis,S,IM,3
iniistius_celebicus,iniistius celebicus,S,IM,3
iniistius_pavo,iniistius pavo,S,IM,4
istigobius_decoratus,istigobius decoratus,S,IM,2
istigobius_diadema,istigobius diadema,S,IM,2
istigobius_goldmanni,istigobius goldmanni,S,IM,2
istigobius_nigroocellatus,istigobius nigroocellatus,S,IM,2
istigobius_ornatus,istigobius ornatus,S,IM,2
istigobius_rigilius,istigobius rigilius,S,IM,2
istigobius_spence,istigobius spence,S,IM,2
itycirrhitus_wilhelmi,itycirrhitus wilhelmi,S,IM,2
koumansetta_hectori,koumansetta hectori,S,IM,1
koumansetta_rainfordi,koumansetta rainfordi,S,IM,1
kuhlia_mugil,kuhlia mugil,M,IM,4
kuhlia_sandvicensis,kuhlia sandvicensis,M,IM,3
kyphosus_analogus,kyphosus analogus,M,HM,5
kyphosus_bigibbus,kyphosus bigibbus,M,HM,5
kyphosus_cinerascens,kyphosus cinerascens,M,HM,5
kyphosus_elegans,kyphosus elegans,L,HM,5
kyphosus_incisor,kyphosus incisor,M,HM,6
kyphosus_sandvicensis,kyphosus sandvicensis,M,HM,5
kyphosus_sectatrix,kyphosus sectatrix,M,HM,5
kyphosus_sp,kyphosus sp,M,HM,5
kyphosus_spp,kyphosus spp,M,HM,5
kyphosus_spp_aotep,kyphosus spp aotep,M,HM,5
kyphosus_sydneyanus,kyphosus sydneyanus,M,HD,5
kyphosus_vaigiensis,kyphosus vaigiensis,M,HD,5
labrichthys_unilineatus,labrichthys unilineatus,S,IM,3
labrisomus_cricota,labrisomus cricota,S,IM,2
labrisomus_dendriticus,labrisomus dendriticus,S,IM,3
labrisomus_kalisherae,labrisomus kalisherae,S,IM,2
labrisomus_multiporosus,labrisomus multiporosus,S,IM,3
labrisomus_nuchipinnis,labrisomus nuchipinnis,S,IM,4
labroides_bicolor,labroides bicolor,P,IM,3
labroides_dimidiatus,labroides dimidiatus,P,IM,3
labroides_pectoralis,labroides pectoralis,S,IM,2
labroides_phthirophagus,labroides phthirophagus,P,IM,3
labroides_rubrolabiatus,labroides rubrolabiatus,P,IM,3
labropsis_alleni,labropsis alleni,P,IM,2
labropsis_australis,labropsis australis,P,IM,2
labropsis_manabei,labropsis manabei,P,IM,3
labropsis_micronesica,labropsis micronesica,S,IM,3
labropsis_polynesica,labropsis polynesica,P,IM,3
labropsis_xanthonota,labropsis xanthonota,S,IM,3
lachnolaimus_maximus,lachnolaimus maximus,S,IM,6
lactophrys_bicaudalis,lactophrys bicaudalis,S,IM,5
lactophrys_trigonus,lactophrys trigonus,S,IM,5
lactophrys_triqueter,lactophrys triqueter,S,IM,5
lactoria_diaphana,lactoria diaphana,S,IM,4
lactoria_fornasini,lactoria fornasini,S,IM,3
lepidozygus_tapeinosoma,lepidozygus tapeinosoma,L,PK,2
leptoscarus_vaigiensis,leptoscarus vaigiensis,M,HD,4
lethrinus_amboinensis,lethrinus amboinensis,F,IM,5
lethrinus_atkinsoni,lethrinus atkinsoni,M,IM,4
lethrinus_atlanticus,lethrinus atlanticus,S,IM,5
lethrinus_borbonicus,lethrinus borbonicus,S,IM,4
lethrinus_erythracanthus,lethrinus erythracanthus,S,IM,5
lethrinus_erythropterus,lethrinus erythropterus,F,IM,5
lethrinus_genivittatus,lethrinus genivittatus,M,IM,3
lethrinus_harak,lethrinus harak,F,IM,4
lethrinus_laticaudis,lethrinus laticaudis,M,IM,5
lethrinus_lentjan,lethrinus lentjan,F,IM,4
lethrinus_microdon,lethrinus microdon,F,FC,5
lethrinus_miniatus,lethrinus miniatus,F,FC,5
lethrinus_nebulosus,lethrinus nebulosus,M,IM,5
lethrinus_obsoletus,lethrinus obsoletus,F,IM,4
lethrinus_olivaceus,lethrinus olivaceus,S,FC,6
lethrinus_ornatus,lethrinus ornatus,F,IM,4
lethrinus_rubrioperculatus,lethrinus rubrioperculatus,M,IM,4
lethrinus_semicinctus,lethrinus semicinctus,M,IM,4
lethrinus_sp,lethrinus sp,M,IM,4
lethrinus_variegatus,lethrinus variegatus,M,IM,3
lethrinus_xanthochilus,lethrinus xanthochilus,S,IM,5
liopropoma_rubre,liopropoma rubre,S,IM,3
lotilia_graciliosa,lotilia graciliosa,S,IM,1
lotilia_klausewitzi,lotilia klausewitzi,S,IM,1
lucayablennius_zingaro,lucayablennius zingaro,S,IM,1
lutjanus_alexandrei,lutjanus alexandrei,F,IM,6
lutjanus_analis,lutjanus analis,F,IM,6
lutjanus_apodus,lutjanus apodus,F,IM,5
lutjanus_aratus,lutjanus aratus,S,FC,6
lutjanus_argentimaculatus,lutjanus argentimaculatus,M,FC,6
lutjanus_argentiventris,lutjanus argentiventris,F,IM,5
lutjanus_aurorubens,lutjanus aurorubens,F,IM,5
lutjanus_bengalensis,lutjanus bengalensis,M,IM,4
lutjanus_biguttatus,lutjanus biguttatus,M,IM,3
lutjanus_bohar,lutjanus bohar,M,FC,6
lutjanus_carponotatus,lutjanus carponotatus,M,FC,4
lutjanus_chrysurus,lutjanus chrysurus,F,IM,5
lutjanus_colorado,lutjanus colorado,S,IM,6
lutjanus_cyanopterus,lutjanus cyanopterus,F,FC,6
lutjanus_decussatus,lutjanus decussatus,F,FC,4
lutjanus_ehrenbergii,lutjanus ehrenbergii,F,IM,4
lutjanus_erythropterus,lutjanus erythropterus,F,IM,6
lutjanus_fulgens,lutjanus fulgens,F,IM,5
lutjanus_fulviflamma,lutjanus fulviflamma,M,IM,4
lutjanus_fulvus,lutjanus fulvus,F,IM,4
lutjanus_gibbus,lutjanus gibbus,M,IM,5
lutjanus_goreensis,lutjanus goreensis,F,IM,6
lutjanus_griseus,lutjanus griseus,F,IM,6
lutjanus_guttatus,lutjanus guttatus,F,IM,5
lutjanus_inermis,lutjanus inermis,F,PK,4
lutjanus_jocu,lutjanus jocu,F,IM,6
lutjanus_johnii,lutjanus johnii,F,IM,5
lutjanus_jordani,lutjanus jordani,F,FC,5
lutjanus_kasmira,lutjanus kasmira,L,IM,4
lutjanus_lemniscatus,lutjanus lemniscatus,F,IM,5
lutjanus_lutjanus,lutjanus lutjanus,L,IM,4
lutjanus_mahogoni,lutjanus mahogoni,F,IM,5
lutjanus_monostigma,lutjanus monostigma,F,FC,5
lutjanus_novemfasciatus,lutjanus novemfasciatus,S,FC,6
lutjanus_quinquelineatus,lutjanus quinquelineatus,L,IM,4
lutjanus_rivulatus,lutjanus rivulatus,S,FC,5
lutjanus_rufolineatus,lutjanus rufolineatus,L,IM,4
lutjanus_russelli,lutjanus russelli,F,FC,4
lutjanus_russellii,lutjanus russellii,F,FC,4
lutjanus_sebae,lutjanus sebae,F,FC,5
lutjanus_semicinctus,lutjanus semicinctus,F,FC,4
lutjanus_sp,lutjanus sp,F,FC,4
lutjanus_synagris,lutjanus synagris,F,IM,5
lutjanus_viridis,lutjanus viridis,L,FC,4
lutjanus_vitta,lutjanus vitta,M,FC,4
lutjanus_vittus,lutjanus vittus,M,FC,4
luzonichthys_microlepis,luzonichthys microlepis,L,PK,2
luzonichthys_waitei,luzonichthys waitei,L,PK,2
luzonichthys_whitleyi,luzonichthys whitleyi,L,PK,2
macolor_macularis,macolor macularis,M,PK,5
macolor_niger,macolor niger,M,PK,5
macropharyngodon_bipartitus,macropharyngodon bipartitus,F,IM,3
macropharyngodon_choati,macropharyngodon choati,S,IM,2
macropharyngodon_cyanoguttatus,macropharyngodon cyanoguttatus,F,IM,3
macropharyngodon_geoffroy,macropharyngodon geoffroy,S,IM,3
macropharyngodon_kuiteri,macropharyngodon kuiteri,S,IM,3
macropharyngodon_meleagris,macropharyngodon meleagris,F,IM,3
macropharyngodon_negrosensis,macropharyngodon negrosensis,F,IM,3
macropharyngodon_ornatus,macropharyngodon ornatus,F,IM,3
macropharyngodon_sp,macropharyngodon sp,F,IM,3
malacanthus_brevirostris,malacanthus brevirostris,P,IM,4
malacanthus_latovittatus,malacanthus latovittatus,P,IM,4
malacanthus_plumieri,malacanthus plumieri,S,IM,5
malacoctenus_boehlkei,malacoctenus boehlkei,S,IM,2
malacoctenus_brunoi,malacoctenus brunoi,S,IM,2
malacoctenus_delalandii,malacoctenus delalandii,S,IM,2
malacoctenus_ebisui,malacoctenus ebisui,S,IM,2
malacoctenus_macropus,malacoctenus macropus,S,IM,2
malacoctenus_margaritae,malacoctenus margaritae,S,IM,2
malacoctenus_sp_aotep_1,malacoctenus sp aotep 1,S,IM,2
malacoctenus_sp_aotep_2,malacoctenus sp aotep 2,S,IM,2
malacoctenus_sp_aotep_3,malacoctenus sp aotep 3,S,IM,2
malacoctenus_tetranemus,malacoctenus tetranemus,S,IM,2
malacoctenus_triangulatus,malacoctenus triangulatus,S,IM,2
malacoctenus_zonifer,malacoctenus zonifer,S,IM,2
meiacanthus_atrodorsalis,meiacanthus atrodorsalis,P,IM,2
meiacanthus_bundoon,meiacanthus bundoon,P,PK,2
meiacanthus_crinitus,meiacanthus crinitus,P,PK,1
meiacanthus_ditrema,meiacanthus ditrema,F,PK,2
meiacanthus_grammistes,meiacanthus grammistes,S,PK,2
meiacanthus_kamoharai,meiacanthus kamoharai,P,IM,2
meiacanthus_lineatus,meiacanthus lineatus,S,PK,2
meiacanthus_luteus,meiacanthus luteus,S,PK,2
meiacanthus_mossambicus,meiacanthus mossambicus,S,IM,2
meiacanthus_nigrolineatus,meiacanthus nigrolineatus,S,PK,2
meiacanthus_oualanensis,meiacanthus oualanensis,P,IM,2
meiacanthus_phaeus,meiacanthus phaeus,F,PK,1
meiacanthus_smithi,meiacanthus smithi,P,PK,2
meiacanthus_sp,meiacanthus sp,P,PK,2
meiacanthus_tongaensis,meiacanthus tongaensis,M,PK,2
melichthys_indicus,melichthys indicus,M,PK,4
melichthys_niger,melichthys niger,M,PK,4
melichthys_sp,melichthys sp,M,PK,4
melichthys_vidua,melichthys vidua,M,PK,4
micrognathus_crinitus,micrognathus crinitus,S,IM,3
microspathodon_bairdii,microspathodon bairdii,S,IM,4
microspathodon_chrysurus,microspathodon chrysurus,S,HD,4
microspathodon_dorsalis,microspathodon dorsalis,S,IM,4
microspathodon_frontatus,microspathodon frontatus,S,HD,3
monacanthus_chinensis,monacanthus chinensis,S,OM,4
monacanthus_tuckeri,monacanthus tuckeri,S,IM,3
monotaxis_grandoculis,monotaxis grandoculis,S,IM,5
monotaxis_heterodon,monotaxis heterodon,S,IM,5
mulloidichthys_dentatus,mulloidichthys dentatus,L,IM,4
mulloidichthys_flavolineatus,mulloidichthys flavolineatus,M,IM,4
mulloidichthys_martinicus,mulloidichthys martinicus,M,IM,4
mulloidichthys_mimicus,mulloidichthys mimicus,F,IM,4
mulloidichthys_vanicolensis,mulloidichthys vanicolensis,M,IM,4
mycteroperca_acutirostris,mycteroperca acutirostris,S,FC,6
mycteroperca_bonaci,mycteroperca bonaci,S,FC,6
mycteroperca_fusca,mycteroperca fusca,S,FC,6
mycteroperca_interstitialis,mycteroperca interstitialis,S,FC,6
mycteroperca_marginata,mycteroperca marginata,S,FC,6
mycteroperca_microlepis,mycteroperca microlepis,S,FC,6
mycteroperca_olfax,mycteroperca olfax,S,IM,6
mycteroperca_phenax,mycteroperca phenax,S,FC,6
mycteroperca_rosacea,mycteroperca rosacea,S,IM,6
mycteroperca_sp_aotep,mycteroperca sp aotep,S,IM,6
mycteroperca_tigris,mycteroperca tigris,S,FC,6
mycteroperca_venenosa,mycteroperca venenosa,S,FC,6
mycteroperca_xenarcha,mycteroperca xenarcha,S,IM,6
myrichthys_breviceps,myrichthys breviceps,S,IM,6
myrichthys_maculosus,myrichthys maculosus,S,IM,5
myrichthys_ocellatus,myrichthys ocellatus,S,IM,6
myrichthys_pardalis,myrichthys pardalis,S,IM,5
myrichthys_tigrinus,myrichthys tigrinus,S,IM,5
naso_annulatus,naso annulatus,M,PK,6
naso_brachycentron,naso brachycentron,M,HD,5
naso_brevirostris,naso brevirostris,L,OM,5
naso_caeruleacauda,naso caeruleacauda,L,PK,4
naso_caesius,naso caesius,M,PK,5
naso_elegans,naso elegans,F,HD,5
naso_fageni,naso fageni,M,PK,5
naso_hexacanthus,naso hexacanthus,L,PK,5
naso_lituratus,naso lituratus,F,HD,4
naso_lopezi,naso lopezi,M,PK,5
naso_mcdadei,naso mcdadei,L,PK,5
naso_sp,naso sp,L,PK,5
naso_thynnoides,naso thynnoides,M,PK,4
naso_tonganus,naso tonganus,M,HD,5
naso_tuberosus,naso tuberosus,M,HM,5
naso_unicornis,naso unicornis,F,HD,5
naso_vlamingii,naso vlamingii,F,PK,5
nemanthias_carberryi,nemanthias carberryi,M,PK,3
nemateleotris_magnifica,nemateleotris magnifica,P,PK,2
neocirrhites_armatus,neocirrhites armatus,S,IM,2
neoglyphidodon_carlsoni,neoglyphidodon carlsoni,F,OM,3
neoglyphidodon_crossi,neoglyphidodon crossi,F,OM,3
neoglyphidodon_melas,neoglyphidodon melas,S,OM,3
neoglyphidodon_nigroris,neoglyphidodon nigroris,F,OM,2
neoglyphidodon_oxyodon,neoglyphidodon oxyodon,F,OM,3
neoglyphidodon_polyacanthus,neoglyphidodon polyacanthus,F,OM,3
neoglyphidodon_thoracotaeniatus,neoglyphidodon thoracotaeniatus,F,OM,2
neomyxus_chaptalli,neomyxus chaptalli,M,HD,5
neomyxus_leuciscus,neomyxus leuciscus,M,HD,5
neopomacentrus_anabatoides,neopomacentrus anabatoides,L,PK,2
neopomacentrus_azysron,neopomacentrus azysron,L,PK,2
neopomacentrus_bankieri,neopomacentrus bankieri,L,PK,2
neopomacentrus_cyanomos,neopomacentrus cyanomos,L,PK,2
neopomacentrus_filamentosus,neopomacentrus filamentosus,L,PK,2
neopomacentrus_metallicus,neopomacentrus metallicus,L,PK,2
neopomacentrus_miryae,neopomacentrus miryae,L,PK,2
neopomacentrus_nemurus,neopomacentrus nemurus,L,PK,2
neopomacentrus_sp,neopomacentrus sp,L,PK,2
neopomacentrus_taeniurus,neopomacentrus taeniurus,L,PK,2
neopomacentrus_violascens,neopomacentrus violascens,L,PK,2
novaculichthys_taeniourus,novaculichthys taeniourus,S,IM,4
ocyurus_chrysurus,ocyurus chrysurus,F,IM,6
odontoscion_dentex,odontoscion dentex,F,IM,4
odontoscion_eurymesops,odontoscion eurymesops,L,PK,4
odontoscion_xanthops,odontoscion xanthops,L,PK,4
odonus_niger,odonus niger,M,PK,4
omobranchus_rotundiceps,omobranchus rotundiceps,S,HD,2
ophioblennius_atlanticus,ophioblennius atlanticus,S,HD,3
ophioblennius_macclurei,ophioblennius macclurei,S,HD,3
ophioblennius_steindachneri,ophioblennius steindachneri,S,HD,3
ophioblennius_trinitatis,ophioblennius trinitatis,S,HD,1
opistognathus_aurifrons,opistognathus aurifrons,S,PK,3
opistognathus_darwiniensis,opistognathus darwiniensis,S,IM,4
opistognathus_panamaensis,opistognathus panamaensis,S,PK,3
opistognathus_panamensis,opistognathus panamensis,S,PK,3
opistognathus_randalli,opistognathus randalli,S,PK,3
oplegnathus_insignis,oplegnathus insignis,S,OM,5
oplegnathus_robinsoni,oplegnathus robinsoni,F,IM,5
ostorhinchus_angustatus,ostorhinchus angustatus,F,IM,2
ostorhinchus_aureus,ostorhinchus aureus,F,IM,2
ostorhinchus_bandanensis,ostorhinchus bandanensis,M,PM,2
ostorhinchus_cavitensis,ostorhinchus cavitensis,F,IM,2
ostorhinchus_chrysopomus,ostorhinchus chrysopomus,F,IM,2
ostorhinchus_cladophilos,ostorhinchus cladophilos,F,IM,2
ostorhinchus_compressus,ostorhinchus compressus,M,IM,2
ostorhinchus_cookii,ostorhinchus cookii,M,IM,2
ostorhinchus_cyanosoma,ostorhinchus cyanosoma,M,PK,3
ostorhinchus_dispar,ostorhinchus dispar,M,IM,3
ostorhinchus_doederleini,ostorhinchus doederleini,F,IM,3
ostorhinchus_exostigma,ostorhinchus exostigma,F,PK,3
ostorhinchus_hartzfeldii,ostorhinchus hartzfeldii,F,PK,2
ostorhinchus_kallopterus,ostorhinchus kallopterus,F,IM,2
ostorhinchus_luteus,ostorhinchus luteus,M,PK,2
ostorhinchus_monospilus,ostorhinchus monospilus,M,PK,2
ostorhinchus_multilineatus,ostorhinchus multilineatus,M,PK,2
ostorhinchus_neotes,ostorhinchus neotes,M,PK,2
ostorhinchus_nigrofasciatus,ostorhinchus nigrofasciatus,M,PK,2
ostorhinchus_pallidofasciatus,ostorhinchus pallidofasciatus,M,PK,2
ostorhinchus_parvulus,ostorhinchus parvulus,M,PK,2
ostorhinchus_properuptus,ostorhinchus properuptus,M,PK,2
ostorhinchus_rubrimacula,ostorhinchus rubrimacula,M,PK,2
ostorhinchus_rueppellii,ostorhinchus rueppellii,M,PK,2
ostorhinchus_sealei,ostorhinchus sealei,M,PK,2
ostorhinchus_taeniophorus,ostorhinchus taeniophorus,M,PK,2
ostorhinchus_wassinki,ostorhinchus wassinki,M,PK,2
ostracion_cubicus,ostracion cubicus,S,IM,4
ostracion_cyanurus,ostracion cyanurus,S,IM,3
ostracion_immaculatus,ostracion immaculatus,S,IM,4
ostracion_meleagris,ostracion meleagris,S,IM,4
ostracion_solorensis,ostracion solorensis,S,IM,4
ostracion_whitleyi,ostracion whitleyi,S,IM,4
oxycheilinus_bimaculatus,oxycheilinus bimaculatus,S,IM,3
oxycheilinus_celebicus,oxycheilinus celebicus,S,IM,3
oxycheilinus_digramma,oxycheilinus digramma,S,FC,4
oxycheilinus_digrammus,oxycheilinus digrammus,S,FC,4
oxycheilinus_lineatus,oxycheilinus lineatus,S,IM,3
oxycheilinus_mentalis,oxycheilinus mentalis,S,IM,3
oxycheilinus_nigromarginatus,oxycheilinus nigromarginatus,S,IM,3
oxycheilinus_orientalis,oxycheilinus orientalis,S,IM,3
oxycheilinus_unifasciatus,oxycheilinus unifasciatus,F,FC,4
oxycirrhites_typus,oxycirrhites typus,S,IM,3
oxymonacanthus_longirostris,oxymonacanthus longirostris,P,IM,2
parablennius_marmoreus,parablennius marmoreus,S,OM,2
parablennius_pilicornis,parablennius pilicornis,S,IM,3
parablennius_salensis,parablennius salensis,S,OM,2
parablennius_serratolineatus,parablennius serratolineatus,S,HD,2
parablennius_sp_aotep,parablennius sp aotep,S,HD,2
paracanthurus_hepatus,paracanthurus hepatus,M,HD,4
paracirrhites_arcatus,paracirrhites arcatus,S,IM,3
paracirrhites_bicolor,paracirrhites bicolor,S,IM,3
paracirrhites_forsteri,paracirrhites forsteri,S,FC,4
paracirrhites_hemistictus,paracirrhites hemistictus,S,FC,4
paracirrhites_nisus,paracirrhites nisus,S,IM,2
paracirrhites_xanthus,paracirrhites xanthus,S,IM,2
paragobiodon_echinocephalus,paragobiodon echinocephalus,S,IS,1
paragobiodon_xanthosoma,paragobiodon xanthosoma,S,IS,1
paraluteres_prionurus,paraluteres prionurus,P,IM,3
paranthias_colonus,paranthias colonus,L,PK,4
paranthias_furcifer,paranthias furcifer,M,PK,4
parapercis_australis,parapercis australis,S,IM,2
parapercis_bimacula,parapercis bimacula,S,IM,3
parapercis_clathrata,parapercis clathrata,S,FC,3
parapercis_cylindrica,parapercis cylindrica,S,IM,3
parapercis_hexophtalma,parapercis hexophtalma,S,FC,3
parapercis_lineopunctata,parapercis lineopunctata,S,FC,5
parapercis_millepunctata,parapercis millepunctata,S,IM,3
parapercis_multiplicata,parapercis multiplicata,S,IM,3
parapercis_pacifica,parapercis pacifica,S,IM,3
parapercis_polyophtalma,parapercis polyophtalma,S,IM,3
parapercis_punctulata,parapercis punctulata,S,IM,3
parapercis_queenslandica,parapercis queenslandica,S,IM,4
parapercis_schauinslandii,parapercis schauinslandii,S,IM,3
parapercis_schauislandi,parapercis schauislandi,S,IM,3
parapercis_signata,parapercis signata,S,IM,2
parapercis_snyderi,parapercis snyderi,S,IM,3
parapercis_sp,parapercis sp,S,IM,3
parapercis_stricticeps,parapercis stricticeps,S,IM,3
parapercis_tetracantha,parapercis tetracantha,S,IM,4
parapercis_xanthogramma,parapercis xanthogramma,S,IM,3
parapercis_xanthozona,parapercis xanthozona,S,IM,4
pareques_acuminatus,pareques acuminatus,F,IM,4
pareques_perissa,pareques perissa,M,IM,4
pareques_viola,pareques viola,M,IM,4
parupeneus_barberinoides,parupeneus barberinoides,M,IM,4
parupeneus_barberinus,parupeneus barberinus,S,IM,5
parupeneus_bifasciatus,parupeneus bifasciatus,F,IM,4
parupeneus_chrysopleuron,parupeneus chrysopleuron,F,IM,4
parupeneus_ciliatus,parupeneus ciliatus,F,IM,4
parupeneus_crassilabris,parupeneus crassilabris,F,IM,4
parupeneus_cyclostomus,parupeneus cyclostomus,S,FC,5
parupeneus_forsskali,parupeneus forsskali,F,IM,3
parupeneus_heptacanthus,parupeneus heptacanthus,F,IM,4
parupeneus_indicus,parupeneus indicus,F,IM,4
parupeneus_insularis,parupeneus insularis,F,IM,3
parupeneus_macronemus,parupeneus macronemus,F,IM,4
parupeneus_multifasciatus,parupeneus multifasciatus,F,IM,4
parupeneus_orientalis,parupeneus orientalis,F,IM,4
parupeneus_pleurostigma,parupeneus pleurostigma,F,IM,4
parupeneus_porphyreus,parupeneus porphyreus,F,IM,4
parupeneus_rubescens,parupeneus rubescens,F,IM,4
parupeneus_spilurus,parupeneus spilurus,F,IM,4
parupeneus_trifasciatus,parupeneus trifasciatus,F,IM,4
pempheris_adusta,pempheris adusta,M,PK,3
pempheris_affinis,pempheris affinis,M,PK,3
pempheris_analis,pempheris analis,M,PK,3
pempheris_klunzingeri,pempheris klunzingeri,M,PK,3
pempheris_mangula,pempheris mangula,M,PK,3
pempheris_molucca,pempheris molucca,M,PK,3
pempheris_oualensis,pempheris oualensis,M,PK,4
pempheris_schomburgkii,pempheris schomburgkii,M,PK,3
pempheris_schwenkii,pempheris schwenkii,M,PK,3
pempheris_sp,pempheris sp,M,PK,3
pempheris_tominagai,pempheris tominagai,M,PK,3
pempheris_vanicolensis,pempheris vanicolensis,M,PK,4
pervagor_alternans,pervagor alternans,S,OM,3
pervagor_aspricaudus,pervagor aspricaudus,S,OM,3
pervagor_janthinosoma,pervagor janthinosoma,S,OM,3
pervagor_marginalis,pervagor marginalis,S,OM,2
pervagor_melanocephalus,pervagor melanocephalus,P,OM,2
pervagor_sp,pervagor sp,P,OM,2
pervagor_spilosoma,pervagor spilosoma,S,OM,3
plagiotremus_azaleus,plagiotremus azaleus,S,IM,3
plagiotremus_ewaensis,plagiotremus ewaensis,S,IM,2
plagiotremus_goslinei,plagiotremus goslinei,S,IM,2
plagiotremus_laudandus,plagiotremus laudandus,S,FC,2
plagiotremus_phenax,plagiotremus phenax,S,IM,2
plagiotremus_rhinorhynchos,plagiotremus rhinorhynchos,S,FC,2
plagiotremus_tapeinosoma,plagiotremus tapeinosoma,S,IM,3
plectorhinchus_albovittatus,plectorhinchus albovittatus,S,IM,6
plectorhinchus_caeruleonothus,plectorhinchus caeruleonothus,S,IM,5
plectorhinchus_chaetodonoides,plectorhinchus chaetodonoides,S,IM,5
plectorhinchus_chrysotaenia,plectorhinchus chrysotaenia,F,IM,4
plectorhinchus_chubbi,plectorhinchus chubbi,S,IM,5
plectorhinchus_diagrammus,plectorhinchus diagrammus,S,IM,4
plectorhinchus_flavomaculatus,plectorhinchus flavomaculatus,F,IM,5
plectorhinchus_gaterinus,plectorhinchus gaterinus,F,IM,5
plectorhinchus_gibbosus,plectorhinchus gibbosus,F,IM,5
plectorhinchus_lessonii,plectorhinchus lessonii,S,IM,4
plectorhinchus_lineatus,plectorhinchus lineatus,F,IM,5
plectorhinchus_multivittatus,plectorhinchus multivittatus,F,IM,5
plectorhinchus_orientalis,plectorhinchus orientalis,S,IM,5
plectorhinchus_paulayi,plectorhinchus paulayi,S,IM,5
plectorhinchus_picus,plectorhinchus picus,S,IM,5
plectorhinchus_plagiodesmus,plectorhinchus plagiodesmus,F,IM,6
plectorhinchus_playfairi,plectorhinchus playfairi,F,IM,6
plectorhinchus_polytaenia,plectorhinchus polytaenia,F,IM,5
plectorhinchus_schotaf,plectorhinchus schotaf,F,IM,6
plectorhinchus_sordidus,plectorhinchus sordidus,F,IM,5
plectorhinchus_sp,plectorhinchus sp,F,IM,5
plectorhinchus_vittatus,plectorhinchus vittatus,S,IM,5
plectroglyphidodon_dickii,plectroglyphidodon dickii,S,OM,2
plectroglyphidodon_flaviventris,plectroglyphidodon flaviventris,S,OM,2
plectroglyphidodon_imparipennis,plectroglyphidodon imparipennis,S,OM,2
plectroglyphidodon_johnstonianus,plectroglyphidodon johnstonianus,S,OM,2
plectroglyphidodon_lacrymatus,plectroglyphidodon lacrymatus,S,HD,2
plectroglyphidodon_leucozonus,plectroglyphidodon leucozonus,S,HD,2
plectroglyphidodon_phoenixensis,plectroglyphidodon phoenixensis,S,OM,2
plectroglyphidodon_sp,plectroglyphidodon sp,S,OM,2
plectropomus_areolatus,plectropomus areolatus,S,FC,5
plectropomus_laevis,plectropomus laevis,S,FC,6
plectropomus_leopardus,plectropomus leopardus,S,FC,6
plectropomus_maculatus,plectropomus maculatus,S,FC,5
plectropomus_oligacanthus,plectropomus oligacanthus,S,FC,5
plectropomus_pessuliferus,plectropomus pessuliferus,S,FC,6
plectropomus_punctatus,plectropomus punctatus,S,FC,6
pogonoperca_punctata,pogonoperca punctata,S,FC,4
pomacanthus_annularis,pomacanthus annularis,S,IM,4
pomacanthus_arcuatus,pomacanthus arcuatus,P,OM,5
pomacanthus_imperator,pomacanthus imperator,S,IM,4
pomacanthus_navarchus,pomacanthus navarchus,S,IM,4
pomacanthus_paru,pomacanthus paru,P,OM,5
pomacanthus_rhomboides,pomacanthus rhomboides,S,IM,5
pomacanthus_semicirculatus,pomacanthus semicirculatus,S,IM,4
pomacanthus_sexstriatus,pomacanthus sexstriatus,S,IM,4
pomacanthus_xanthometopon,pomacanthus xanthometopon,S,IM,4
pomacanthus_zonipectus,pomacanthus zonipectus,S,OM,5
pomacentrus_adelus,pomacentrus adelus,F,HD,2
pomacentrus_alexanderae,pomacentrus alexanderae,L,PK,2
pomacentrus_alleni,pomacentrus alleni,M,PK,2
pomacentrus_amboinensis,pomacentrus amboinensis,M,OM,2
pomacentrus_aurifrons,pomacentrus aurifrons,L,PK,1
pomacentrus_auriventris,pomacentrus auriventris,F,PK,2
pomacentrus_australis,pomacentrus australis,F,OM,2
pomacentrus_baenschi,pomacentrus baenschi,F,OM,2
pomacentrus_bankanensis,pomacentrus bankanensis,F,OM,2
pomacentrus_brachialis,pomacentrus brachialis,M,PK,2
pomacentrus_burroughi,pomacentrus burroughi,F,OM,2
pomacentrus_caeruleus,pomacentrus caeruleus,M,PK,2
pomacentrus_callainus,pomacentrus callainus,M,PK,2
pomacentrus_chrysurus,pomacentrus chrysurus,F,OM,2
pomacentrus_coelestis,pomacentrus coelestis,M,OM,2
pomacentrus_cuneatus,pomacentrus cuneatus,F,OM,2
pomacentrus_fuscidorsalis,pomacentrus fuscidorsalis,F,OM,2
pomacentrus_grammorhynchus,pomacentrus grammorhynchus,F,HD,2
pomacentrus_imitator,pomacentrus imitator,M,PK,2
pomacentrus_indicus,pomacentrus indicus,M,OM,2
pomacentrus_lepidogenys,pomacentrus lepidogenys,F,PK,2
pomacentrus_limosus,pomacentrus limosus,F,OM,1
pomacentrus_littoralis,pomacentrus littoralis,F,OM,2
pomacentrus_milleri,pomacentrus milleri,F,OM,2
pomacentrus_moluccensis,pomacentrus moluccensis,M,OM,2
pomacentrus_nagasakiensis,pomacentrus nagasakiensis,F,PK,2
pomacentrus_nigromanus,pomacentrus nigromanus,F,PK,2
pomacentrus_nigromarginatus,pomacentrus nigromarginatus,S,OM,2
pomacentrus_opisthostigma,pomacentrus opisthostigma,S,OM,2
pomacentrus_pavo,pomacentrus pavo,M,PK,2
pomacentrus_philippinus,pomacentrus philippinus,M,PK,2
pomacentrus_reidi,pomacentrus reidi,F,OM,2
pomacentrus_simsiang,pomacentrus simsiang,F,OM,2
pomacentrus_smithi,pomacentrus smithi,L,PK,2
pomacentrus_sp,pomacentrus sp,M,PK,2
pomacentrus_sp_1,pomacentrus sp 1,M,PK,2
pomacentrus_sp_5,pomacentrus sp 5,M,PK,2
pomacentrus_sp_8,pomacentrus sp 8,M,PK,2
pomacentrus_sp_9,pomacentrus sp 9,M,PK,2
pomacentrus_spilotoceps,pomacentrus spilotoceps,F,OM,2
pomacentrus_sulfureus,pomacentrus sulfureus,F,OM,2
pomacentrus_trichourus,pomacentrus trichourus,F,OM,2
pomacentrus_trilineatus,pomacentrus trilineatus,F,OM,2
pomacentrus_tripunctatus,pomacentrus tripunctatus,F,OM,3
pomacentrus_vaiuli,pomacentrus vaiuli,F,OM,2
pomacentrus_wardi,pomacentrus wardi,F,HD,2
pomachromis_fuscidorsalis,pomachromis fuscidorsalis,M,PK,1
pomachromis_richardsoni,pomachromis richardsoni,M,PK,1
priacanthus_arenatus,priacanthus arenatus,M,FC,5
priacanthus_blochii,priacanthus blochii,M,IM,4
priacanthus_cruentatus,priacanthus cruentatus,M,IM,4
priacanthus_hamrur,priacanthus hamrur,F,IM,4
priacanthus_meeki,priacanthus meeki,M,IM,4
priolepis_eugenius,priolepis eugenius,S,IM,1
prognathodes_aculeatus,prognathodes aculeatus,S,IM,3
prognathodes_brasiliensis,prognathodes brasiliensis,S,IM,1
prognathodes_falcifer,prognathodes falcifer,P,IM,3
prognathodes_guyanensis,prognathodes guyanensis,S,IM,3
prognathodes_marcellae,prognathodes marcellae,S,IM,3
pseudanthias_bicolor,pseudanthias bicolor,F,PK,3
pseudanthias_cooperi,pseudanthias cooperi,F,PK,3
pseudanthias_dispar,pseudanthias dispar,L,PK,2
pseudanthias_evansi,pseudanthias evansi,S,IM,2
pseudanthias_hiva,pseudanthias hiva,L,PK,2
pseudanthias_huchti,pseudanthias huchti,F,PK,3
pseudanthias_huchtii,pseudanthias huchtii,F,PK,3
pseudanthias_hypselosoma,pseudanthias hypselosoma,L,PK,3
pseudanthias_ignitus,pseudanthias ignitus,L,PK,2
pseudanthias_lori,pseudanthias lori,F,PK,3
pseudanthias_mooreanus,pseudanthias mooreanus,F,PK,2
pseudanthias_olivaceus,pseudanthias olivaceus,L,PK,2
pseudanthias_pascalus,pseudanthias pascalus,L,PK,3
pseudanthias_pictilis,pseudanthias pictilis,L,PK,3
pseudanthias_pleurotaenia,pseudanthias pleurotaenia,L,PK,3
pseudanthias_regalis,pseudanthias regalis,L,PK,2
pseudanthias_sp,pseudanthias sp,L,PK,3
pseudanthias_squamipinnis,pseudanthias squamipinnis,L,PK,3
pseudanthias_taeniatus,pseudanthias taeniatus,L,PK,2
pseudanthias_tuka,pseudanthias tuka,L,PK,3
pseudanthias_ventralis,pseudanthias ventralis,L,PK,2
pseudobalistes_flavimarginatus,pseudobalistes flavimarginatus,S,IM,5
pseudobalistes_fuscus,pseudobalistes fuscus,S,IM,4
pseudobalistes_naufragium,pseudobalistes naufragium,S,IM,6
pseudocheilinus_citrinus,pseudocheilinus citrinus,S,IM,2
pseudocheilinus_evanidus,pseudocheilinus evanidus,S,IM,2
pseudocheilinus_hexataenia,pseudocheilinus hexataenia,F,IM,2
pseudocheilinus_ocellatus,pseudocheilinus ocellatus,S,IM,2
pseudocheilinus_octotaenia,pseudocheilinus octotaenia,S,IM,3
pseudocheilinus_tetrataenia,pseudocheilinus tetrataenia,S,IM,2
pseudocoris_aurantiofasciata,pseudocoris aurantiofasciata,F,PK,3
pseudocoris_bleekeri,pseudocoris bleekeri,M,PK,3
pseudocoris_heteroptera,pseudocoris heteroptera,M,PK,3
pseudocoris_yamashiroi,pseudocoris yamashiroi,M,PK,3
pseudodax_molluccanus,pseudodax molluccanus,S,IM,4
pseudodax_moluccanus,pseudodax moluccanus,S,IM,4
pseudojuloides_atavai,pseudojuloides atavai,F,PK,3
pseudojuloides_cerasinus,pseudojuloides cerasinus,F,IM,3
pseudojuloides_elongatus,pseudojuloides elongatus,F,IM,3
pseudolabrus_fuentesi,pseudolabrus fuentesi,S,IM,3
pseudolabrus_guentheri,pseudolabrus guentheri,S,IM,3
pseudolabrus_luculentus,pseudolabrus luculentus,S,IM,3
pseudolabrus_semifasciatus,pseudolabrus semifasciatus,S,IM,4
psilogobius_mainlandi,psilogobius mainlandi,S,IM,1
pteragogus_cryptus,pteragogus cryptus,S,IM,2
pteragogus_enneacanthus,pteragogus enneacanthus,S,IM,3
pteragogus_flagellifer,pteragogus flagellifer,S,IM,3
pteragogus_sp,pteragogus sp,S,IM,3
ptereleotris_calliura,ptereleotris calliura,P,PK,3
ptereleotris_evides,ptereleotris evides,M,PK,3
ptereleotris_hanae,ptereleotris hanae,M,PK,3
ptereleotris_heteroptera,ptereleotris heteroptera,M,PK,3
ptereleotris_microlepis,ptereleotris microlepis,M,PK,2
ptereleotris_monoptera,ptereleotris monoptera,M,PK,3
ptereleotris_randalli,ptereleotris randalli,P,PK,1
ptereleotris_sp,ptereleotris sp,P,PK,1
ptereleotris_zebra,ptereleotris zebra,M,PK,3
pterois_antennata,pterois antennata,S,IM,3
pterois_lunulata,pterois lunulata,S,FC,4
pterois_miles,pterois miles,S,FC,4
pterois_radiata,pterois radiata,S,FC,4
pterois_sp,pterois sp,S,FC,4
pterois_volitans,pterois volitans,S,FC,4
pygoplites_diacanthus,pygoplites diacanthus,S,IM,4
rhinecanthus_aculeatus,rhinecanthus aculeatus,S,IM,4
rhinecanthus_assasi,rhinecanthus assasi,S,IM,4
rhinecanthus_cinereus,rhinecanthus cinereus,S,IM,3
rhinecanthus_lunula,rhinecanthus lunula,S,IM,4
rhinecanthus_rectangulus,rhinecanthus rectangulus,S,IM,4
rhinecanthus_verrucosus,rhinecanthus verrucosus,S,IM,4
rypticus_bicolor,rypticus bicolor,S,FC,4
rypticus_bistrispinus,rypticus bistrispinus,S,IM,3
rypticus_courtenayi,rypticus courtenayi,S,FC,3
rypticus_nigripinnis,rypticus nigripinnis,S,FC,4
rypticus_saponaceus,rypticus saponaceus,S,IM,4
rypticus_sp_aotep_n,rypticus sp aotep n,S,IM,4
saurida_flamma,saurida flamma,S,FC,4
saurida_gracilis,saurida gracilis,S,FC,4
saurida_nebulosa,saurida nebulosa,S,FC,3
saurida_sp,saurida sp,S,FC,3
saurida_undosquamis,saurida undosquamis,S,FC,5
scarus_altipinnis,scarus altipinnis,L,HD,5
scarus_bleekeri,scarus bleekeri,S,HD,2
scarus_caudofasciatus,scarus caudofasciatus,S,HD,3
scarus_chameleon,scarus chameleon,S,HD,4
scarus_coelestinus,scarus coelestinus,F,HD,5
scarus_coeruleus,scarus coeruleus,F,HD,6
scarus_compressus,scarus compressus,F,HD,5
scarus_dimidiatus,scarus dimidiatus,F,HD,4
scarus_dubius,scarus dubius,F,HD,4
scarus_falcipinnis,scarus falcipinnis,F,HD,5
scarus_ferrugineus,scarus ferrugineus,F,HD,5
scarus_festivus,scarus festivus,S,HD,5
scarus_flavipectoralis,scarus flavipectoralis,S,HD,4
scarus_forsteni,scarus forsteni,S,HD,4
scarus_frenatus,scarus frenatus,S,HD,4
scarus_ghobban,scarus ghobban,F,HD,5
scarus_globiceps,scarus globiceps,S,HD,4
scarus_guacamaia,scarus guacamaia,F,HD,6
scarus_hoefleri,scarus hoefleri,F,HD,5
scarus_hypselopterus,scarus hypselopterus,S,HD,4
scarus_iseri,scarus iseri,F,HD,4
scarus_koputea,scarus koputea,F,HD,4
scarus_longipinnis,scarus longipinnis,S,HD,4
scarus_niger,scarus niger,S,HD,4
scarus_oviceps,scarus oviceps,S,HD,4
scarus_perrico,scarus perrico,F,HD,5
scarus_prasiognathos,scarus prasiognathos,L,HD,5
scarus_psittacus,scarus psittacus,M,HD,4
scarus_quoyi,scarus quoyi,F,HD,4
scarus_rivulatus,scarus rivulatus,M,HD,5
scarus_rubroviolaceus,scarus rubroviolaceus,F,HD,5
scarus_russelii,scarus russelii,M,HD,5
scarus_schlegeli,scarus schlegeli,M,HD,4
scarus_sp,scarus sp,M,HD,4
scarus_spinus,scarus spinus,S,HD,4
scarus_taeniopterus,scarus taeniopterus,F,HD,4
scarus_tricolor,scarus tricolor,S,HD,5
scarus_trispinosus,scarus trispinosus,F,HD,4
scarus_vetula,scarus vetula,F,HD,5
scarus_xanthopleura,scarus xanthopleura,S,HD,5
scarus_zelindae,scarus zelindae,F,HD,4
scolopsis_affinis,scolopsis affinis,F,IM,4
scolopsis_aurata,scolopsis aurata,F,IM,4
scolopsis_bilineata,scolopsis bilineata,S,IM,4
scolopsis_ciliata,scolopsis ciliata,F,IM,3
scolopsis_ciliatus,scolopsis ciliatus,F,IM,4
scolopsis_frenata,scolopsis frenata,F,IM,4
scolopsis_frenatus,scolopsis frenatus,F,IM,4
scolopsis_ghanam,scolopsis ghanam,F,IM,4
scolopsis_lineata,scolopsis lineata,F,IM,4
scolopsis_margaritifer,scolopsis margaritifer,F,IM,4
scolopsis_margaritifera,scolopsis margaritifera,F,IM,4
scolopsis_monogramma,scolopsis monogramma,F,IM,4
scolopsis_taeniatus,scolopsis taeniatus,F,IM,4
scolopsis_taenioptera,scolopsis taenioptera,F,IM,4
scolopsis_temporalis,scolopsis temporalis,F,IM,4
scolopsis_trilineata,scolopsis trilineata,S,IM,3
scolopsis_vosmeri,scolopsis vosmeri,F,IM,4
scolopsis_xenochrous,scolopsis xenochrous,F,IM,4
scorpaena_brasiliensis,scorpaena brasiliensis,S,IM,4
scorpaena_cardinalis,scorpaena cardinalis,S,FC,3
scorpaena_cookii,scorpaena cookii,S,FC,4
scorpaena_histrio,scorpaena histrio,S,FC,4
scorpaena_isthmensis,scorpaena isthmensis,S,IM,3
scorpaena_mystes,scorpaena mystes,S,FC,5
scorpaena_orgila,scorpaena orgila,S,FC,2
scorpaena_plumieri,scorpaena plumieri,S,IM,5
scorpaena_sp_aotep,scorpaena sp aotep,S,IM,3
scorpaena_sp_aotep_cabo_verde,scorpaena sp aotep cabo verde,S,IM,3
scorpaenodes_caribbaeus,scorpaenodes caribbaeus,S,IM,3
scorpaenodes_evides,scorpaenodes evides,S,IM,3
scorpaenodes_kelloggi,scorpaenodes kelloggi,S,IM,2
scorpaenodes_parvipinnis,scorpaenodes parvipinnis,S,IM,3
scorpaenodes_scaber,scorpaenodes scaber,S,IM,3
scorpaenodes_xyris,scorpaenodes xyris,S,FC,3
scorpaenopsis_cirrosa,scorpaenopsis cirrosa,S,FC,4
scorpaenopsis_diabolus,scorpaenopsis diabolus,S,FC,4
scorpaenopsis_oxycephala,scorpaenopsis oxycephala,S,FC,4
scorpaenopsis_papuensis,scorpaenopsis papuensis,S,FC,4
scorpaenopsis_possi,scorpaenopsis possi,S,FC,3
scorpaenopsis_venosa,scorpaenopsis venosa,S,FC,3
scuticaria_tigrina,scuticaria tigrina,S,FC,6
sebastapistes_coniorta,sebastapistes coniorta,S,IM,2
sebastapistes_cyanostigma,sebastapistes cyanostigma,S,IM,2
sebastapistes_mauritiana,sebastapistes mauritiana,S,IM,2
sebastapistes_strongia,sebastapistes strongia,S,IM,2
sebastapistes_tinkhami,sebastapistes tinkhami,S,IM,2
serranus_atrobranchus,serranus atrobranchus,S,IM,3
serranus_baldwini,serranus baldwini,S,IM,3
serranus_flaviventris,serranus flaviventris,S,IM,2
serranus_psittacinus,serranus psittacinus,S,FC,3
serranus_sp_aotep_n2_spn_stome,serranus sp aotep n2 spn stome,F,PK,2
serranus_tabacarius,serranus tabacarius,S,FC,4
serranus_tico,serranus tico,F,PK,2
serranus_tigrinus,serranus tigrinus,S,IM,4
serranus_tortugarum,serranus tortugarum,F,PK,2
siganus_argenteus,siganus argenteus,L,HD,4
siganus_canaliculatus,siganus canaliculatus,L,HD,4
siganus_corallinus,siganus corallinus,P,HD,4
siganus_doliatus,siganus doliatus,P,HD,4
siganus_fuscescens,siganus fuscescens,L,HD,4
siganus_guttatus,siganus guttatus,L,HD,4
siganus_javus,siganus javus,F,HD,5
siganus_lineatus,siganus lineatus,M,HD,4
siganus_luridus,siganus luridus,M,HD,4
siganus_niger,siganus niger,P,HD,4
siganus_puelloides,siganus puelloides,P,HD,4
siganus_puellus,siganus puellus,P,HD,4
siganus_punctatissimus,siganus punctatissimus,P,HD,4
siganus_punctatus,siganus punctatus,P,HD,4
siganus_rivulatus,siganus rivulatus,M,HD,3
siganus_sp,siganus sp,P,HD,4
siganus_spinus,siganus spinus,L,HD,3
siganus_stellatus,siganus stellatus,P,HD,4
siganus_sutor,siganus sutor,L,HD,5
siganus_trispilos,siganus trispilos,P,HD,4
siganus_uspi,siganus uspi,P,HD,4
siganus_vermiculatus,siganus vermiculatus,M,HD,4
siganus_virgatus,siganus virgatus,F,HD,4
siganus_vulpinus,siganus vulpinus,P,HD,4
sparisoma_amplum,sparisoma amplum,F,HD,4
sparisoma_atomarium,sparisoma atomarium,F,HD,4
sparisoma_aurofrenatum,sparisoma aurofrenatum,F,HD,4
sparisoma_axillare,sparisoma axillare,F,HD,4
sparisoma_chrysopterum,sparisoma chrysopterum,F,HD,5
sparisoma_cretense,sparisoma cretense,F,HD,5
sparisoma_frondosum,sparisoma frondosum,F,HD,4
sparisoma_radians,sparisoma radians,F,HD,4
sparisoma_rocha,sparisoma rocha,F,HD,4
sparisoma_rubripinne,sparisoma rubripinne,F,HD,5
sparisoma_sp_aotep_brasil,sparisoma sp aotep brasil,F,HD,4
sparisoma_sp_aotep_cuba,sparisoma sp aotep cuba,F,HD,4
sparisoma_sp_aotep_n,sparisoma sp aotep n,F,HD,4
sparisoma_tuiupiranga,sparisoma tuiupiranga,F,HD,3
sparisoma_viride,sparisoma viride,F,HD,5
sphoeroides_annulatus,sphoeroides annulatus,S,IM,5
sphoeroides_greeleyi,sphoeroides greeleyi,S,IM,5
sphoeroides_lobatus,sphoeroides lobatus,S,IM,4
sphoeroides_marmoratus,sphoeroides marmoratus,S,IS,4
sphoeroides_spengleri,sphoeroides spengleri,S,IS,4
sphoeroides_testudineus,sphoeroides testudineus,S,IS,4
starksia_sp_aotep,starksia sp aotep,S,IM,1
stegastes_acapulcoensis,stegastes acapulcoensis,F,HD,3
stegastes_adustus,stegastes adustus,S,HD,3
stegastes_albifasciatus,stegastes albifasciatus,F,HD,3
stegastes_apicalis,stegastes apicalis,F,HD,3
stegastes_arcifrons,stegastes arcifrons,F,HD,3
stegastes_aureus,stegastes aureus,F,HD,3
stegastes_beebei,stegastes beebei,F,HD,3
stegastes_diencaeus,stegastes diencaeus,S,HD,3
stegastes_emeryi,stegastes emeryi,F,HD,3
stegastes_fasciolatus,stegastes fasciolatus,F,HD,3
stegastes_flavilatus,stegastes flavilatus,F,HD,3
stegastes_fuscus,stegastes fuscus,S,HD,3
stegastes_gascoynei,stegastes gascoynei,F,HD,3
stegastes_imbricatus,stegastes imbricatus,S,HD,3
stegastes_insularis,stegastes insularis,F,HD,3
stegastes_leucorus,stegastes leucorus,F,HD,3
stegastes_leucostictus,stegastes leucostictus,S,HD,3
stegastes_lividus,stegastes lividus,M,HD,3
stegastes_marginatus,stegastes marginatus,S,HD,3
stegastes_nigricans,stegastes nigricans,M,HD,3
stegastes_obreptus,stegastes obreptus,F,HD,3
stegastes_partitus,stegastes partitus,S,OM,3
stegastes_pictus,stegastes pictus,S,OM,2
stegastes_planifrons,stegastes planifrons,S,HD,3
stegastes_punctatus,stegastes punctatus,M,HD,3
stegastes_redemptus,stegastes redemptus,F,HD,3
stegastes_rocasensis,stegastes rocasensis,S,HD,2
stegastes_sanctipauli,stegastes sanctipauli,S,HD,2
stegastes_sp,stegastes sp,S,HD,2
stegastes_variabilis,stegastes variabilis,S,HD,3
stethojulis_albovittata,stethojulis albovittata,F,IM,3
stethojulis_balteata,stethojulis balteata,F,IM,3
stethojulis_bandanensis,stethojulis bandanensis,F,IM,3
stethojulis_interrupta,stethojulis interrupta,F,IM,3
stethojulis_marquesensis,stethojulis marquesensis,F,IM,2
stethojulis_notialis,stethojulis notialis,F,IM,2
stethojulis_sp,stethojulis sp,F,IM,2
stethojulis_strigiventer,stethojulis strigiventer,F,IM,3
stethojulis_trilineata,stethojulis trilineata,F,IM,3
sufflamen_albicaudatum,sufflamen albicaudatum,F,IM,3
sufflamen_bursa,sufflamen bursa,S,IM,4
sufflamen_chrysopterum,sufflamen chrysopterum,S,IM,4
sufflamen_fraenatum,sufflamen fraenatum,S,IM,4
sufflamen_verres,sufflamen verres,S,IM,5
synchiropus_bartelsi,synchiropus bartelsi,S,IM,2
synchiropus_moyeri,synchiropus moyeri,S,IM,2
synchiropus_splendidus,synchiropus splendidus,S,IM,2
synchiropus_stellatus,synchiropus stellatus,S,IM,1
synodus_binotatus,synodus binotatus,S,FC,3
synodus_capricornis,synodus capricornis,S,FC,4
synodus_dermatogenys,synodus dermatogenys,S,FC,3
synodus_doaki,synodus doaki,P,FC,3
synodus_hoshinonis,synodus hoshinonis,S,FC,3
synodus_intermedius,synodus intermedius,S,FC,5
synodus_jaculum,synodus jaculum,S,FC,3
synodus_lacertinus,synodus lacertinus,S,FC,3
synodus_rubromarmoratus,synodus rubromarmoratus,S,FC,3
synodus_sageneus,synodus sageneus,S,FC,3
synodus_saurus,synodus saurus,S,FC,5
synodus_similis,synodus similis,S,FC,3
synodus_sp,synodus sp,S,FC,3
synodus_synodus,synodus synodus,S,FC,4
synodus_ulae,synodus ulae,S,FC,3
synodus_variegatus,synodus variegatus,P,FC,4
taenianotus_triacanthus,taenianotus triacanthus,S,IM,2
taeniura_grabata,taeniura grabata,S,IM,6
taeniura_lymma,taeniura lymma,S,IM,6
taeniura_meyeni,taeniura meyeni,S,IM,6
thalassoma_amblycephalum,thalassoma amblycephalum,F,IM,3
thalassoma_ballieui,thalassoma ballieui,F,IM,4
thalassoma_bifasciatum,thalassoma bifasciatum,M,PK,4
thalassoma_duperrey,thalassoma duperrey,F,IM,3
thalassoma_grammaticum,thalassoma grammaticum,F,IM,4
thalassoma_hardwicke,thalassoma hardwicke,F,IM,3
thalassoma_hebraicum,thalassoma hebraicum,F,IM,3
thalassoma_heiseri,thalassoma heiseri,F,IM,3
thalassoma_jansenii,thalassoma jansenii,F,IM,3
thalassoma_lucasanum,thalassoma lucasanum,F,IM,3
thalassoma_lunare,thalassoma lunare,F,IM,4
thalassoma_lutescens,thalassoma lutescens,F,IM,4
thalassoma_newtoni,thalassoma newtoni,M,PK,1
thalassoma_nigrofasciatum,thalassoma nigrofasciatum,F,IM,2
thalassoma_noronhanum,thalassoma noronhanum,M,PK,3
thalassoma_pavo,thalassoma pavo,M,PK,4
thalassoma_purpureum,thalassoma purpureum,F,IM,4
thalassoma_quinquevittatum,thalassoma quinquevittatum,F,IM,3
thalassoma_robertsoni,thalassoma robertsoni,F,IM,2
thalassoma_rueppellii,thalassoma rueppellii,F,IM,3
thalassoma_septemfasciatum,thalassoma septemfasciatum,F,IM,3
thalassoma_trilobatum,thalassoma trilobatum,F,IM,4
thalassoma_virens,thalassoma virens,F,IM,4
upeneus_tragula,upeneus tragula,M,IM,4
valenciennea_alleni,valenciennea alleni,P,IM,2
valenciennea_decora,valenciennea decora,P,IM,3
valenciennea_helsdingenii,valenciennea helsdingenii,P,IM,3
valenciennea_immaculata,valenciennea immaculata,P,IM,3
valenciennea_longipinnis,valenciennea longipinnis,P,IM,3
valenciennea_muralis,valenciennea muralis,P,IM,3
valenciennea_parva,valenciennea parva,P,IM,2
valenciennea_puellaris,valenciennea puellaris,P,IM,3
valenciennea_randalli,valenciennea randalli,S,IM,2
valenciennea_sexguttata,valenciennea sexguttata,P,IM,3
valenciennea_strigata,valenciennea strigata,P,IM,3
variola_albimarginata,variola albimarginata,S,FC,5
variola_louti,variola louti,S,FC,5
variola_sp,variola sp,S,FC,5
xanthichthys_auromarginatus,xanthichthys auromarginatus,M,PK,4
xanthichthys_mento,xanthichthys mento,M,PK,4
xyrichtys_pavo,xyrichtys pavo,M,IM,4
xyrichtys_umbrilatus,xyrichtys umbrilatus,M,IM,4
zanclus_cornutus,zanclus cornutus,F,OM,3
zebrasoma_desjardinii,zebrasoma desjardinii,F,HD,4
zebrasoma_flavescens,zebrasoma flavescens,F,HD,3
zebrasoma_gemmatum,zebrasoma gemmatum,F,HD,4
zebrasoma_rostratum,zebrasoma rostratum,F,HD,4
zebrasoma_scopas,zebrasoma scopas,F,HD,3
zebrasoma_sp,zebrasoma sp,P,HD,4
zebrasoma_veliferum,zebrasoma veliferum,P,HD,4
zebrasoma_xanthurum,zebrasoma xanthurum,P,HD,3